"","county","industry","medium","injury_type","injury_date","death","injuries"
"1","新竹縣","電力及燃氣供應業","動力鏟類設備","被撞",2013-01-04,1,0
"2","台南市","製造業","離子清洗機","被夾、被捲",2013-01-04,1,0
"3","高雄市","營造業","施工架","墜落、滾落",2013-01-04,1,0
"4","台中市","營造業","施工架","墜落、滾落",2013-01-05,1,0
"5","台南市","營造業","開口部分","墜落、滾落",2013-01-05,1,0
"6","高雄市","製造業","開口部分","墜落、滾落",2013-01-05,1,0
"7","高雄市","製造業","合梯","墜落、滾落",2013-01-06,1,0
"8","台中市","營造業","屋頂","墜落、滾落",2013-01-07,1,0
"9","嘉義縣","其他服務業","梯子","墜落、滾落",2013-01-07,1,0
"10","台北市","營造業","合梯","墜落、滾落",2013-01-07,1,0
"11","台中市","營造業","施工架","墜落、滾落",2013-01-08,1,0
"12","桃園縣","製造業","堆高機","被夾、被捲",2013-01-08,1,0
"13","新竹縣","製造業","生料結塊","物體飛落",2013-01-11,1,0
"14","台北市","營造業","開口部分","墜落、滾落",2013-01-12,1,0
"15","高雄市","製造業","電氣箱","物體倒塌、崩塌",2013-01-14,1,0
"16","高雄市","營造業","施工架","墜落、滾落",2013-01-14,1,0
"17","台南市","營造業","梯子","墜落、滾落",2013-01-15,1,0
"18","台南市","批發及零售業","其他危險物","爆炸",2013-01-18,1,1
"19","高雄市","電力及燃氣供應業","開口部分","墜落、滾落",2013-01-18,1,0
"20","新北市","營造業","屋頂、屋架、樑","墜落、滾落",2013-01-19,1,0
"21","高雄市","營造業","施工架","墜落、滾落",2013-01-20,1,0
"22","高雄市","營造業","施工架","墜落、滾落",2013-01-22,1,0
"23","高雄市","製造業","液化石油氣","火災",2013-01-22,1,0
"24","台東縣","營造業","施工架","墜落、滾落",2013-01-23,1,0
"25","台中市","營造業","其他營建用機械(挖土機)","墜落、滾落",2013-01-24,1,0
"26","高雄市","營造業","卡車","其他交通事故",2013-01-24,1,0
"27","桃園縣","製造業","施工架","墜落、滾落",2013-01-26,1,0
"28","高雄市","製造業","挖土機","被撞",2013-01-29,1,0
"29","彰化縣","營造業","動力鏟類設備","被撞",2013-01-30,1,0
"30","台南市","營造業","屋頂","墜落、滾落",2013-01-30,1,0
"31","屏東縣","營造業","屋頂","墜落、滾落",2013-01-31,1,1
"32","高雄市","運輸及倉儲業","未包裝貨物","墜落、滾落",2013-02-05,1,0
"33","台中市","運輸及倉儲業","貨車","被撞",2013-02-06,1,0
"34","新北市","運輸及倉儲業","門檻","衝撞",2013-02-07,1,1
"35","宜蘭縣","營造業","易燃液體","火災",2013-02-07,1,2
"36","台中市","營造業","開口部分","墜落、滾落",2013-02-08,1,0
"37","桃園縣","製造業","其他(分條機)","被夾、被捲",2013-02-08,1,0
"38","新北市","製造業","可燃性氣體","爆炸",2013-02-12,0,1
"39","台中市","營造業","梯子等","衝撞",2013-02-14,1,0
"40","屏東縣","營造業","移動式起重機","墜落、滾落",2013-02-17,1,0
"41","新北市","製造業","化學設備","爆炸",2013-02-17,1,0
"42","台南市","營造業","鋼鈑","物體倒塌、崩塌",2013-02-18,1,0
"43","嘉義縣","製造業","輸送帶","被夾、被捲",2013-02-20,1,0
"44","新北市","製造業","卡車","墜落、滾落",2013-02-21,1,0
"45","新竹市","營造業","開口部分","墜落、滾落",2013-02-23,1,0
"46","台北市","營造業","支撐架","物體倒塌、崩塌",2013-02-24,1,0
"47","高雄市","營造業","營建物","墜落、滾落",2013-02-24,1,0
"48","新北市","營造業","開口部分","墜落、滾落",2013-02-26,1,0
"49","雲林縣","營造業","施工架","物體倒塌、崩塌",2013-02-26,1,0
"50","花蓮縣","營造業","動力鏟類設備","被撞",2013-02-27,1,0
"51","雲林縣","製造業","輸送機","被夾、被捲",2013-03-01,1,0
"52","高雄市","營造業","屋頂、屋架、樑","墜落、滾落",2013-03-01,1,0
"53","桃園縣","製造業","傳動輪","被夾、被捲",2013-03-02,1,0
"54","南投縣","營造業","卡車","被撞",2013-03-02,1,0
"55","嘉義縣","營造業","營建物","墜落、滾落",2013-03-04,1,0
"56","台東縣","營造業","已包裝貨物","被撞",2013-03-04,1,0
"57","台中市","製造業","開口部分","墜落、滾落",2013-03-05,1,0
"58","屏東縣","用水供應及污染整治業","水","溺斃",2013-03-05,1,0
"59","新竹縣","營造業","施工架","墜落、滾落",2013-03-06,1,0
"60","台南市","營造業","屋頂","墜落、滾落",2013-03-06,1,0
"61","高雄市","營造業","梯子等","墜落、滾落",2013-03-06,1,0
"62","高雄市","運輸及倉儲業","移動式起重機","墜落、滾落",2013-03-10,1,0
"63","南投縣","運輸及倉儲業","帶運機","墜落、滾落",2013-03-14,1,0
"64","新北市","營造業","屋頂","墜落、滾落",2013-03-14,1,0
"65","台東縣","礦業及土石採取業","碎石機","被夾、被捲",2013-03-16,1,0
"66","苗栗縣","製造業","抽砂機引擎","物體倒塌、崩塌",2013-03-16,1,0
"67","花蓮縣","營造業","屋頂","墜落、滾落",2013-03-20,1,0
"68","屏東縣","營造業","屋頂、屋架、樑","墜落、滾落",2013-03-23,1,0
"69","桃園縣","營造業","屋頂","墜落、滾落",2013-03-23,1,0
"70","桃園縣","營造業","電力設備","感電",2013-03-24,1,0
"71","新北市","製造業","金屬材料","物體飛落",2013-03-25,1,0
"72","桃園縣","製造業","金屬材料","跌倒",2013-03-25,1,0
"73","高雄市","營造業","合梯","墜落、滾落",2013-03-26,1,0
"74","台東縣","營造業","營建物(C型鋼)","物體飛落",2013-03-29,1,1
"75","高雄市","營造業","屋頂、屋架、樑","墜落、滾落",2013-03-30,1,0
"76","桃園縣","營造業","開口部分","墜落、滾落",2013-04-02,1,0
"77","雲林縣","製造業","絞纜器","被夾、被捲",2013-04-03,1,0
"78","台中市","運輸及倉儲業","火車","被撞",2013-04-04,1,0
"79","高雄市","製造業","屋頂","墜落、滾落",2013-04-05,1,0
"80","新北市","營造業","開口部分","墜落、滾落",2013-04-05,1,0
"81","新北市","營造業","開口部分","墜落、滾落",2013-04-07,1,0
"82","彰化縣","運輸及倉儲業","輸配電線路","感電",2013-04-09,1,0
"83","新北市","營造業","支撐架","墜落、滾落",2013-04-10,1,0
"84","桃園縣","製造業","開口部分","墜落、滾落",2013-04-11,1,0
"85","新北市","營造業","屋頂","墜落、滾落",2013-04-11,1,0
"86","苗栗縣","製造業","吹瓶機械","被夾、被捲",2013-04-11,1,0
"87","新北市","營造業","施工架","墜落、滾落",2013-04-16,1,0
"88","桃園縣","製造業","粉碎機","被夾、被捲",2013-04-18,1,0
"89","台南市","製造業","衝床","物體飛落",2013-04-18,1,0
"90","台南市","營造業","屋頂、屋架、樑","墜落、滾落",2013-04-19,1,0
"91","台中市","營造業","鋼樑","墜落、滾落",2013-04-19,1,0
"92","新竹市","營造業","屋頂","墜落、滾落",2013-04-22,1,0
"93","台南市","不動產業","施工架","墜落、滾落",2013-04-24,1,0
"94","台中市","營造業","輸配電線路","感電",2013-04-25,1,0
"95","高雄市","住宿及餐飲業","合梯","墜落、滾落",2013-04-25,1,0
"96","新竹縣","營造業","梯子等","墜落、滾落",2013-04-26,1,0
"97","桃園縣","製造業","印刷機","物體倒塌、崩塌",2013-05-02,1,0
"98","嘉義縣","資訊及通訊傳播業","其他","其他",2013-05-04,2,0
"99","台中市","營造業","屋頂、屋架、樑","墜落、滾落",2013-05-05,1,0
"100","高雄市","營造業","開口部分","墜落、滾落",2013-05-07,1,0
"101","苗栗縣","營造業","樓梯","墜落、滾落",2013-05-10,1,0
"102","嘉義縣","製造業","鐵水","與高溫、低溫之接觸",2013-05-11,1,0
"103","台中市","營造業","開口部分","墜落、滾落",2013-05-15,1,0
"104","花蓮縣","電力及燃氣供應業","水","溺斃",2013-05-15,1,0
"105","宜蘭縣","營造業","梯子","墜落、滾落",2013-05-16,1,0
"106","新北市","營造業","輸配電線路","感電",2013-05-17,1,0
"107","桃園縣","營造業","起重機","被撞",2013-05-18,1,0
"108","南投縣","製造業","紙捲","物體飛落",2013-05-21,1,0
"109","台南市","營造業","施工架","物體倒塌、崩塌",2013-05-22,2,0
"110","台中市","製造業","熱水","與高溫、低溫之接觸",2013-05-22,1,0
"111","高雄市","製造業","水","溺斃",2013-05-23,1,0
"112","屏東縣","營造業","電弧熔接","感電",2013-05-23,1,0
"113","高雄市","批發及零售業","木材","物體飛落",2013-05-25,1,0
"114","台南市","製造業","金屬材料","物體倒塌、崩塌",2013-05-25,1,0
"115","高雄市","製造業","採光罩","墜落、滾落",2013-05-27,1,0
"116","桃園縣","製造業","其他","與有害物等之接觸",2013-05-27,1,0
"117","嘉義縣","營造業","預拌混凝土車","公路交通事故",2013-05-29,1,0
"118","台南市","製造業","吊掛鉤具","被夾、被捲",2013-05-29,1,0
"119","台中市","製造業","油壓式裁切機","被夾、被捲",2013-05-30,1,0
"120","雲林縣","運輸及倉儲業","堆高機","被撞",2013-05-30,1,0
"121","桃園縣","不動產業","營建物(磚牆)","物體倒塌、崩塌",2013-05-30,1,0
"122","新北市","營造業","汽車","公路交通事故",2013-05-31,1,0
"123","屏東縣","營造業","輸配電線路","感電",2013-06-04,1,0
"124","南投縣","電力及燃氣供應業","營建物(電線桿)","墜落、滾落",2013-06-05,1,0
"125","台南市","營造業","施工架","物體倒塌、崩塌",2013-06-06,1,1
"126","台南市","製造業","金屬材料","物體倒塌、崩塌",2013-06-10,1,0
"127","台中市","支援服務業","其他設備","墜落、滾落",2013-06-11,1,0
"128","雲林縣","製造業","採光浪板","墜落、滾落",2013-06-12,1,0
"129","台中市","製造業","爐渣車","墜落、滾落",2013-06-12,1,0
"130","新北市","運輸及倉儲業","電力設備","感電",2013-06-13,1,0
"131","基隆市","公共行政及國防；強制性社會安全","汽車、公共汽車","公路交通事故",2013-06-14,1,0
"132","嘉義縣","營造業","梯子","墜落、滾落",2013-06-16,1,0
"133","桃園縣","營造業","卡車","其他交通事故",2013-06-17,1,0
"134","基隆市","用水供應及污染整治業","無媒介物","其他",2013-06-17,1,0
"135","桃園縣","營造業","合梯","墜落、滾落",2013-06-19,1,0
"136","高雄市","營造業","通道","跌倒",2013-06-19,1,0
"137","高雄市","製造業","工作台","墜落、滾落",2013-06-20,1,0
"138","高雄市","運輸及倉儲業","已包裝貨物","墜落、滾落",2013-06-20,1,0
"139","桃園縣","製造業","支撐架","物體倒塌、崩塌",2013-06-20,1,0
"140","新竹縣","營造業","輸配電線路","感電",2013-06-21,1,0
"141","台南市","製造業","噴塗設備","被夾、被捲",2013-06-25,1,0
"142","高雄市","營造業","屋頂","墜落、滾落",2013-06-27,1,0
"143","高雄市","營造業","金屬材料","被刺、割、擦傷",2013-06-28,1,0
"144","台南市","批發及零售業","其他(震動過濾機)","感電",2013-06-30,1,0
"145","嘉義縣","營造業","落石","物體飛落",2013-07-01,1,0
"146","屏東縣","營造業","施工架","墜落、滾落",2013-07-01,1,0
"147","新北市","支援服務業","高空工作車","墜落、滾落",2013-07-01,1,0
"148","新北市","營造業","屋頂、屋架、樑","墜落、滾落",2013-07-02,1,0
"149","台北市","營造業","其他媒介物","墜落、滾落",2013-07-03,1,0
"150","高雄市","製造業","壓力容器","物體破裂",2013-07-04,1,0
"151","嘉義縣","製造業","輸配電線路","感電",2013-07-04,1,0
"152","台北市","製造業","屋頂","墜落、滾落",2013-07-05,1,0
"153","桃園縣","營造業","堆高機","墜落、滾落",2013-07-05,1,0
"154","基隆市","營造業","升降機","墜落、滾落",2013-07-06,1,0
"155","新北市","營造業","無媒介物","其他",2013-07-06,1,0
"156","桃園縣","營造業","屋頂、屋架、樑","墜落、滾落",2013-07-07,1,0
"157","台南市","營造業","高空工作車","墜落、滾落",2013-07-08,1,0
"158","台中市","營造業","營建物(直立塑膠管)","被刺、割、擦傷",2013-07-09,1,0
"159","台中市","營造業","無媒介物","跌倒",2013-07-09,1,0
"160","高雄市","營造業","開口部分","墜落、滾落",2013-07-12,1,0
"161","宜蘭縣","營造業","屋頂、屋架、樑","墜落、滾落",2013-07-14,1,0
"162","新竹縣","電力及燃氣供應業","輸配電線路","感電",2013-07-15,1,0
"163","新北市","營造業","輸配電線路","感電",2013-07-15,1,0
"164","新北市","製造業","採光塑膠板","墜落、滾落",2013-07-16,1,0
"165","高雄市","製造業","貨車(車斗)","被撞",2013-07-16,1,0
"166","高雄市","製造業","拖板車","其他交通事故",2013-07-18,1,0
"167","花蓮縣","營造業","施工架","墜落、滾落",2013-07-19,1,0
"168","桃園縣","製造業","有害物","與有害物等之接觸",2013-07-19,1,0
"169","新竹市","營造業","輸配電線路","感電",2013-07-20,1,0
"170","基隆市","用水供應及污染整治業","輸送帶","被夾、被捲",2013-07-20,1,0
"171","桃園縣","營造業","開口部分","墜落、滾落",2013-07-20,1,1
"172","南投縣","營造業","開口部分","墜落、滾落",2013-07-22,1,0
"173","桃園縣","製造業","採光浪板","墜落、滾落",2013-07-22,1,0
"174","彰化縣","運輸及倉儲業","堆高機","物體倒塌、崩塌",2013-07-23,1,0
"175","桃園縣","營造業","施工架","墜落、滾落",2013-07-23,1,0
"176","桃園縣","製造業","屋頂","墜落、滾落",2013-07-24,1,0
"177","桃園縣","製造業","水","溺斃",2013-07-25,1,0
"178","苗栗縣","製造業","離心機","被夾、被捲",2013-07-25,1,0
"179","苗栗縣","營造業","屋頂、屋架、樑","墜落、滾落",2013-07-27,1,0
"180","苗栗縣","礦業及土石採取業","鏈鉗","被撞",2013-07-27,1,0
"181","台中市","營造業","動力鏟類設備","被撞",2013-07-29,1,0
"182","台南市","營造業","屋頂","墜落、滾落",2013-07-29,1,0
"183","台南市","營造業","施工架","墜落、滾落",2013-07-30,1,0
"184","高雄市","製造業","有害物(硫化氫)","與有害物等之接觸",2013-07-30,1,3
"185","高雄市","營造業","營建物","墜落、滾落",2013-07-30,1,0
"186","嘉義市","批發及零售業","堆高機","被撞",2013-07-30,1,0
"187","桃園縣","製造業","梯子等","墜落、滾落",2013-07-31,1,0
"188","新北市","製造業","捲線機","被夾、被捲",2013-07-31,1,0
"189","台中市","營造業","施工架","墜落、滾落",2013-07-31,1,0
"190","高雄市","製造業","動力鏟類設備(挖土機)","被撞",2013-07-31,1,0
"191","新北市","營造業","屋頂","墜落、滾落",2013-07-31,1,0
"192","台中市","營造業","梯子","墜落、滾落",2013-08-01,1,0
"193","桃園縣","營造業","施工架","墜落、滾落",2013-08-02,1,0
"194","南投縣","營造業","輸配電線路","感電",2013-08-03,1,0
"195","台中市","其他服務業","屋頂","墜落、滾落",2013-08-03,1,0
"196","新北市","營造業","開口部分","墜落、滾落",2013-08-05,1,0
"197","台中市","營造業","開口部分","墜落、滾落",2013-08-05,1,0
"198","桃園縣","製造業","電弧熔接","感電",2013-08-06,1,0
"199","高雄市","營造業","屋頂","墜落、滾落",2013-08-06,1,0
"200","彰化縣","營造業","開口部分","墜落、滾落",2013-08-08,1,0
"201","新竹縣","製造業","其他(研磨機)","物體飛落",2013-08-08,1,0
"202","桃園縣","營造業","營建物(鋼軌樁)","被撞",2013-08-11,1,0
"203","高雄市","營造業","施工架","物體飛落",2013-08-11,1,0
"204","彰化縣","製造業","電弧熔接設備(交流電焊機)","感電",2013-08-13,1,0
"205","高雄市","營造業","施工架","墜落、滾落",2013-08-15,1,0
"206","基隆市","營造業","鏟土機","被夾、被捲",2013-08-16,1,0
"207","桃園縣","製造業","手工具","感電",2013-08-19,1,0
"208","南投縣","專業、科學及技術服務業","開口部分","墜落、滾落",2013-08-24,1,0
"209","桃園縣","營造業","開口部分","墜落、滾落",2013-08-24,1,0
"210","新北市","製造業","輸配電線路","感電",2013-08-25,1,0
"211","台北市","用水供應及污染整治業","開口部分","墜落、滾落",2013-08-26,1,0
"212","屏東縣","礦業及土石採取業","卡車(曳引車)","被撞",2013-08-26,1,0
"213","苗栗縣","製造業","電力設備","感電",2013-08-27,1,0
"214","雲林縣","營造業","梯子","墜落、滾落",2013-08-27,1,0
"215","台中市","製造業","鐵板","物體倒塌、崩塌",2013-08-28,1,0
"216","基隆市","製造業","輸配電線路","感電",2013-08-31,1,0
"217","苗栗縣","營造業","營建物(磚牆)","物體倒塌、崩塌",2013-09-03,1,0
"218","宜蘭縣","營造業","土砂、岩石","物體倒塌、崩塌",2013-09-03,1,0
"219","台中市","營造業","開口部分","墜落、滾落",2013-09-03,1,0
"220","新北市","營造業","金屬材料","物體倒塌、崩塌",2013-09-03,1,0
"221","台南市","營造業","水","溺斃",2013-09-05,1,0
"222","屏東縣","礦業及土石採取業","其他(鏟裝車)","墜落、滾落",2013-09-05,1,0
"223","新北市","營造業","輸配電線路","感電",2013-09-06,1,0
"224","台北市","營造業","工作台、踏板","墜落、滾落",2013-09-07,1,0
"225","新北市","營造業","屋頂","墜落、滾落",2013-09-07,1,0
"226","台中市","製造業","屋頂、屋架、樑(鋼樑)","墜落、滾落",2013-09-08,1,0
"227","彰化縣","製造業","水","溺斃",2013-09-08,1,0
"228","台中市","營造業","屋頂、屋架、樑(屋頂塑膠採光罩)","墜落、滾落",2013-09-10,1,0
"229","屏東縣","營造業","土砂、岩石","物體倒塌、崩塌",2013-09-10,1,0
"230","台中市","營造業","施工架","墜落、滾落",2013-09-12,1,0
"231","新北市","營造業","火車","被撞",2013-09-12,1,0
"232","台北市","營造業","其他(電氣設備)","火災",2013-09-12,1,2
"233","新竹縣","營造業","屋頂、屋架、樑","墜落、滾落",2013-09-12,1,0
"234","桃園縣","製造業","有害物(氯氣)","與有害物等之接觸",2013-09-13,0,2
"235","彰化縣","營造業","屋頂、屋架、樑","墜落、滾落",2013-09-13,1,0
"236","屏東縣","營造業","屋頂、屋架、樑","墜落、滾落",2013-09-13,1,0
"237","台中市","製造業","堆高機","被夾、被捲",2013-09-14,1,0
"238","嘉義縣","農林漁牧業","水","溺斃",2013-09-14,1,0
"239","苗栗縣","批發及零售業","營建物","物體倒塌、崩塌",2013-09-17,1,0
"240","新竹縣","營造業","屋頂、屋架、樑(擋土支撐鋼樑)","墜落、滾落",2013-09-17,1,0
"241","新北市","支援服務業","樓梯、梯道","墜落、滾落",2013-09-22,1,0
"242","屏東縣","製造業","屋頂、屋架、樑(屋頂塑膠採光板)","墜落、滾落",2013-09-23,1,0
"243","桃園縣","營造業","開口部分","墜落、滾落",2013-09-24,1,0
"244","新北市","運輸及倉儲業","未包裝貨物(金屬機台)","物體飛落",2013-09-24,1,0
"245","新竹市","營造業","屋頂","墜落、滾落",2013-09-26,1,0
"246","嘉義縣","農林漁牧業","水","溺斃",2013-09-26,1,0
"247","台東縣","營造業","合梯","墜落、滾落",2013-09-27,1,0
"248","台北市","營造業","工作台、踏板","墜落、滾落",2013-09-29,1,0
"249","雲林縣","營造業","開口部分","墜落、滾落",2013-10-01,1,0
"250","台南市","營造業","開口部分","墜落、滾落",2013-10-02,1,0
"251","彰化縣","營造業","木材","物體飛落",2013-10-03,1,0
"252","嘉義縣","營造業","卡車","墜落、滾落",2013-10-03,1,0
"253","宜蘭縣","營造業","工作台、踏板","墜落、滾落",2013-10-03,1,0
"254","桃園縣","營造業","梯子等","墜落、滾落",2013-10-03,1,0
"255","宜蘭縣","營造業","開口部分","墜落、滾落",2013-10-04,1,0
"256","桃園縣","製造業","其他(壓鑄機)","被夾、被捲",2013-10-05,1,0
"257","桃園縣","製造業","金屬材料(模具)","被撞",2013-10-08,1,0
"258","桃園縣","營造業","開口部分","墜落、滾落",2013-10-08,1,0
"259","南科","營造業","施工架","墜落、滾落",2013-10-08,1,0
"260","高雄市","製造業","屋頂、屋架、樑","墜落、滾落",2013-10-09,1,0
"261","台南市","營造業","屋頂、屋架、樑","墜落、滾落",2013-10-11,1,0
"262","南科","營造業","輸配電線路","感電",2013-10-12,1,0
"263","台北市","營造業","鋼樑","墜落、滾落",2013-10-12,1,0
"264","桃園縣","製造業","開口部分","墜落、滾落",2013-10-13,1,0
"265","彰化縣","製造業","其他媒介物(不銹鋼門)","物體倒塌、崩塌",2013-10-14,1,0
"266","屏東縣","電力及燃氣供應業","輸配電線路","感電",2013-10-15,1,0
"267","雲林縣","製造業","有害物(酚液)","與有害物等之接觸",2013-10-16,1,0
"268","台中市","批發及零售業","梯子等(繩梯)","墜落、滾落",2013-10-18,1,0
"269","台中市","製造業","起重機","被撞",2013-10-18,1,0
"270","高雄市","運輸及倉儲業","頂樓","墜落、滾落",2013-10-19,1,0
"271","新北市","營造業","屋頂","墜落、滾落",2013-10-20,1,0
"272","桃園縣","營造業","開口部分","墜落、滾落",2013-10-21,1,0
"273","嘉義縣","運輸及倉儲業","火車","墜落、滾落",2013-10-22,1,0
"274","高雄市","農林漁牧業","材料(瀝青)","與高溫、低溫之接觸",2013-10-24,0,5
"275","台南市","農林漁牧業","水","溺斃",2013-10-24,1,0
"276","南投縣","製造業","屋頂","墜落、滾落",2013-10-26,1,0
"277","基隆市","用水供應及污染整治業","汽車、公共汽車","其他交通事故",2013-10-28,1,0
"278","南投縣","製造業","壓力容器","與高溫、低溫之接觸",2013-10-28,1,0
"279","彰化縣","製造業","其他(回收破碎機)","被夾、被捲",2013-10-31,1,0
"280","彰化縣","用水供應及污染整治業","動力鏟類設備","被夾、被捲",2013-11-02,1,0
"281","花蓮縣","電力及燃氣供應業","開口部分","墜落、滾落",2013-11-05,1,0
"282","高雄市","營造業","屋頂、屋架、樑","墜落、滾落",2013-11-07,1,0
"283","台中市","營造業","升降機","被夾、被捲",2013-11-08,1,0
"284","台南市","營造業","屋頂、屋架、樑","墜落、滾落",2013-11-09,1,0
"285","台中市","用水供應及污染整治業","動力搬機械(鏟土機)","被撞",2013-11-11,1,0
"286","彰化縣","營造業","施工架","墜落、滾落",2013-11-11,1,0
"287","高雄市","製造業","其他(自動存取機)","衝撞",2013-11-12,1,0
"288","高雄市","營造業","輸配電線路","感電",2013-11-15,1,0
"289","台南市","營造業","屋頂、屋架、樑(塑膠採光罩)","墜落、滾落",2013-11-16,1,0
"290","南投縣","製造業","輸送機","被夾、被捲",2013-11-19,1,0
"291","桃園縣","營造業","屋頂","墜落、滾落",2013-11-20,1,0
"292","高雄市","營造業","營建物(磚牆)","物體倒塌、崩塌",2013-11-23,1,0
"293","南投縣","營造業","營建物","物體倒塌、崩塌",2013-11-26,1,0
"294","新北市","營造業","營建物","物體飛落",2013-11-27,1,0
"295","台中市","製造業","其他","物體倒塌、崩塌",2013-11-29,1,0
"296","台北市","批發及零售業","梯子等","墜落、滾落",2013-11-29,1,0
"297","桃園縣","製造業","卡車","其他交通事故",2013-11-29,1,0
"298","高雄市","營造業","其他(起重機鋼索)","墜落、滾落",2013-11-30,1,0
"299","新北市","營造業","其他","墜落、滾落",2013-12-04,1,0
"300","台南市","營造業","營建物(圍牆)","墜落、滾落",2013-12-06,1,0
"301","高雄市","營造業","施工架","墜落、滾落",2013-12-09,1,0
"302","台南市","製造業","屋頂、屋架、樑","墜落、滾落",2013-12-10,1,0
"303","台南市","營造業","施工架","墜落、滾落",2013-12-11,1,0
"304","經加處","製造業","其他(大理石板)","物體倒塌、崩塌",2013-12-12,1,0
"305","台中市","製造業","其他(缺氧)","與有害物等之接觸",2013-12-13,1,0
"306","台東縣","營造業","屋頂、屋架、樑","墜落、滾落",2013-12-14,1,0
"307","台南市","製造業","工作台","墜落、滾落",2013-12-16,1,0
"308","高雄市","營造業","屋頂、屋架、樑","墜落、滾落",2013-12-16,1,0
"309","新竹市","營造業","施工架","物體飛落",2013-12-16,1,0
"310","台中市","支援服務業","梯子等","墜落、滾落",2013-12-19,1,0
"311","桃園縣","製造業","開口部分","墜落、滾落",2013-12-23,1,0
"312","桃園縣","營造業","施工架","物體倒塌、崩塌",2013-12-23,1,0
"313","竹科","製造業","有害物(硫化氫)","與有害物等之接觸",2013-12-25,0,2
"314","宜蘭縣","營造業","卡車","其他交通事故",2013-12-26,1,0
"315","台東縣","營造業","金屬材料","物體飛落",2013-12-31,1,0
"316","高雄市","運輸及倉儲業","屋頂、屋架、樑","墜落、滾落",2017-01-03,1,0
"317","雲林縣","製造業","研磨床","被夾、被捲",2017-01-03,1,0
"318","台北市","營造業","梯子等","墜落、滾落",2017-01-06,1,0
"319","屏東縣","製造業","屋頂、屋架、樑","墜落、滾落",2017-01-08,1,0
"320","台中市","營造業","施工架","墜落、滾落",2017-01-08,1,0
"321","苗栗縣","製造業","堆高機","物體倒塌、崩塌",2017-01-10,1,0
"322","新竹縣","製造業","其他(液壓升降平台)","被夾、被捲",2017-01-10,1,0
"323","新北市","製造業","開口部分","墜落、滾落",2017-01-12,1,0
"324","新北市","製造業","易燃液體","火災",2017-01-13,1,4
"325","新北市","營造業","施工架","墜落、滾落",2017-01-16,1,0
"326","台中市","營造業","施工架","墜落、滾落",2017-01-17,1,0
"327","苗栗縣","營造業","營建物","物體倒塌、崩塌",2017-01-17,1,0
"328","台南市","不動產業","施工架","墜落、滾落",2017-01-20,1,0
"329","桃園市","營造業","屋頂、屋架、樑","墜落、滾落",2017-01-20,1,0
"330","高雄市","公共行政及國防；強制性社會安全","其他","墜落、滾落",2017-01-22,1,0
"331","台東縣","公共行政及國防；強制性社會安全","施工架","物體倒塌、崩塌",2017-01-24,1,0
"332","台南市","運輸及倉儲業","其他","被撞",2017-01-25,1,0
"333","彰化縣","資訊及通訊傳播業","其他","其他",2017-01-28,1,0
"334","台南市","營造業","施工架","墜落、滾落",2017-02-02,1,0
"335","台北市","營造業","其他","墜落、滾落",2017-02-05,1,0
"336","屏東縣","不動產業","施工架","墜落、滾落",2017-02-06,1,0
"337","台南市","製造業","其他","被夾、被捲",2017-02-08,1,0
"338","彰化縣","用水供應及汙染整治業","堆高機","被撞",2017-02-08,1,0
"339","新北市","營造業","屋頂、屋架、樑","墜落、滾落",2017-02-10,1,0
"340","新竹縣","製造業","其他","被夾、被捲",2017-02-14,1,0
"341","新北市","營造業","開口部分","墜落、滾落",2017-02-15,1,0
"342","中科","營造業","梯子等","墜落、滾落",2017-02-18,1,0
"343","新竹縣","製造業","升降機、提升機","墜落、滾落",2017-02-24,1,0
"344","彰化縣","營造業","屋頂、屋架、樑","墜落、滾落",2017-02-24,1,0
"345","彰化縣","營造業","營建物","物體倒塌、崩塌",2017-02-25,1,0
"346","高雄市","其他服務業","工作臺、踏板","墜落、滾落",2017-02-25,1,0
"347","台南市","營造業","營建物","墜落、滾落",2017-02-27,1,0
"348","台中市","支援服務業","待查","待查",2017-02-27,1,0
"349","台中市","營造業","施工架","墜落、滾落",2017-02-28,1,0
"350","台北市","營造業","屋頂、屋架、樑","墜落、滾落",2017-03-01,1,0
"351","台中市","營造業","屋頂、屋架、樑","墜落、滾落",2017-03-02,1,0
"352","新北市","營造業","梯子等","墜落、滾落",2017-03-02,1,0
"353","花蓮縣","製造業","其他動力機械","被夾、被捲",2017-03-03,1,0
"354","苗栗縣","用水供應及汙染整治業","汙水","溺斃",2017-03-04,1,0
"355","桃園市","製造業","捲布機","被夾、被捲",2017-03-06,1,0
"356","雲林縣","製造業","可燃性氣體","爆炸",2017-03-06,0,4
"357","台中市","製造業","油壓機機件","物體飛落",2017-03-09,1,0
"358","台南市","營造業","打樁機","物體飛落",2017-03-11,1,0
"359","新北市","營造業","其他","被撞",2017-03-12,1,0
"360","宜蘭縣","營造業","梯子等","墜落、滾落",2017-03-14,1,0
"361","高雄市","營造業","屋頂、屋架、樑","墜落、滾落",2017-03-15,1,0
"362","宜蘭縣","製造業","開口部分","墜落、滾落",2017-03-16,1,0
"363","高雄市","營造業","可燃性氣體","火災",2017-03-17,1,3
"364","屏東縣","營造業","有害物-甲苯、二甲苯等","與有害物等之接觸",2017-03-17,0,3
"365","高雄市","電力及燃氣供應業","開口部分","墜落、滾落",2017-03-18,1,0
"366","桃園市","營造業","施工架","墜落、滾落",2017-03-18,1,0
"367","台東縣","公共行政及國防；強制性社會安全","其他(邊坡)","墜落、滾落",2017-03-19,1,0
"368","新北市","營造業","營建物","物體倒塌、崩塌",2017-03-20,1,0
"369","台北市","營造業","起重機","物體飛落",2017-03-21,1,0
"370","高雄市","營造業","其他(挖土機)","墜落、滾落",2017-03-22,1,0
"371","高雄市","營造業","梯子等","墜落、滾落",2017-03-23,1,0
"372","台南市","製造業","屋頂、屋架、樑","墜落、滾落",2017-03-23,1,0
"373","新竹縣","營造業","工作台、踏板","墜落、滾落",2017-03-26,1,0
"374","基隆市","營造業","營建物","物體倒塌、崩塌",2017-03-27,2,1
"375","台南市","製造業","滾軋機","被夾、被捲",2017-03-28,1,0
"376","台中市","製造業","移動梯","墜落、滾落",2017-03-28,1,0
"377","中科","營造業","營建物","物體倒塌、崩塌",2017-03-30,1,0
"378","新北市","電力及燃氣供應業","鐵塔","墜落、滾落",2017-03-30,1,0
"379","桃園市","製造業","射出成型機","被夾、被捲",2017-03-30,1,0
"380","高雄市","電力及燃氣供應業","輸配線電路","感電",2017-04-02,1,0
"381","桃園市","運輸及倉儲業","開口部分","墜落、滾落",2017-04-04,1,0
"382","桃園市","營造業","土砂、岩石","物體倒塌、崩塌",2017-04-03,1,0
"383","桃園市","其他服務業","吊掛鉤具","墜落、滾落",2017-04-05,1,0
"384","宜蘭縣","製造業","油壓沖孔機","物體破裂",2017-04-06,1,0
"385","新北市","營造業","梯子等","墜落、滾落",2017-04-10,1,0
"386","宜蘭縣","公共行政及國防；強制性社會安全","其他","墜落、滾落",2017-04-10,1,0
"387","台中市","營造業","梯子等","墜落、滾落",2017-04-10,1,0
"388","桃園市","製造業","用具","物體倒塌、崩塌",2017-04-11,1,0
"389","台南市","營造業","營建物","物體倒塌、崩塌",2017-04-12,1,0
"390","高雄市","營造業","開口部分","墜落、滾落",2017-04-13,1,0
"391","桃園市","營造業","開口部分","墜落、滾落",2017-04-13,1,0
"392","台中市","專業、科學及技術服務業","屋頂、屋架、樑(採光浪板)","墜落、滾落",2017-04-14,1,0
"393","高雄市","製造業","易燃液體","火災",2017-04-15,2,0
"394","台南市","農、林、漁、牧業","牛","被撞",2017-04-15,1,0
"395","台中市","營造業","施工架","墜落、滾落",2017-04-17,1,0
"396","嘉義縣","營造業","施工架","墜落、滾落",2017-04-18,1,0
"397","桃園市","支援服務業","其他媒介物","物體倒塌、崩塌",2017-04-18,1,0
"398","屏東縣","製造業","通路","墜落、滾落",2017-04-20,1,0
"399","新北市","營造業","營建物","物體飛落",2017-04-24,1,0
"400","高雄市","製造業","硫化氫","與有害物等之接觸",2017-04-24,1,2
"401","新竹縣","農、林、漁、牧業","立木","物體飛落",2017-04-25,1,0
"402","高雄市","其他服務業","車輛","物體飛落",2017-04-25,1,0
"403","台南市","製造業","堆高機","衝撞",2017-04-27,1,0
"404","台北市","其他服務業","開口部分","墜落、滾落",2017-04-28,1,0
"405","台中市","營造業","可燃性氣體","火災",2017-04-29,0,3
"406","雲林縣","製造業","浪板","墜落、滾落",2017-04-29,1,0
"407","台南市","製造業","易燃性液體","火災",2017-04-30,1,0
"408","桃園市","用水供應及汙染整治業","其他媒介物","墜落、滾落",2017-05-02,1,0
"409","彰化縣","製造業","操紙機","被撞",2017-05-03,1,0
"410","花蓮縣","公共行政及國防；強制性社會安全","移動式起重機","物體飛落",2017-05-05,1,0
"411","花蓮縣","農、林、漁、牧業","曳引機","被撞",2017-05-05,1,0
"412","新北市","公共行政及國防；強制性社會安全","汽車、公共汽車","公路交通事故",2017-05-07,2,0
"413","桃園市","製造業","升降機","被夾、被捲",2017-05-09,1,0
"414","桃園市","製造業","固定式起重機","墜落、滾落",2017-05-10,1,0
"415","嘉義縣","營造業","高低溫環境","與高溫、低溫之接觸",2017-05-12,1,0
"416","花蓮縣","製造業","其他材料(石膏)","墜落、滾落",2017-05-13,2,0
"417","彰化縣","營造業","屋頂、屋架、樑","墜落、滾落",2017-05-15,1,0
"418","高雄市","營造業","其他","火災",2017-05-15,1,12
"419","雲林縣","製造業","其他","其他",2017-05-19,0,4
"420","花蓮縣","營造業","開口部分","被撞",2017-05-20,1,0
"421","台北市","營造業","開口部分","墜落、滾落",2017-05-20,1,0
"422","台中市","營造業","手工具","被刺、割、擦傷",2017-05-23,1,0
"423","高雄市","批發及零售業","車輛","物體倒塌、崩塌",2017-05-24,1,0
"424","南投縣","營造業","梯子等","墜落、滾落",2017-05-24,1,0
"425","高雄市","營造業","開口部分","墜落、滾落",2017-05-27,1,0
"426","彰化縣","營造業","梯子等","墜落、滾落",2017-05-29,1,0
"427","桃園市","製造業","採光罩","墜落、滾落",2017-05-31,1,0
"428","台中市","營造業","屋頂、屋架、樑","墜落、滾落",2017-06-05,1,0
"429","台北市","資訊及通訊傳播業","其他電器設備(冷氣室外機)","感電",2017-06-05,1,0
"430","新北市","製造業","混凝土車","墜落、滾落",2017-06-06,1,0
"431","新北市","營造業","施工架","墜落、滾落",2017-06-06,1,0
"432","花蓮縣","農、林、漁、牧業","卡車","被撞",2017-06-07,1,0
"433","嘉義縣","製造業","塑膠袋","物體倒塌、崩塌",2017-06-07,1,1
"434","屏東縣","用水供應及汙染整治業","通路","跌倒",2017-06-07,1,0
"435","台南市","製造業","開口部分","墜落、滾落",2017-06-08,1,0
"436","高雄市","不動產業","梯子等","墜落、滾落",2017-06-09,1,0
"437","新竹縣","農、林、漁、牧業","挖土機","墜落、滾落",2017-06-10,1,0
"438","高雄市","營造業","電弧熔接","感電",2017-06-12,1,0
"439","高雄市","製造業","工作台","墜落、滾落",2017-06-13,1,0
"440","嘉義縣","農、林、漁、牧業","堆高機","其他",2017-06-13,1,0
"441","高雄市","製造業","施工架","墜落、滾落",2017-06-13,1,0
"442","高雄市","其他服務業","樹枝","墜落、滾落",2017-06-14,1,0
"443","高雄市","製造業","鋼胚","物體倒塌、崩塌",2017-06-14,1,0
"444","新北市","其他服務業","PVC磚","物體飛落",2017-06-14,1,0
"445","宜蘭縣","營造業","輸配電線路","感電",2017-06-16,1,0
"446","雲林縣","專業、科學及技術服務業","移動梯","墜落、滾落",2017-06-19,1,0
"447","台南市","製造業","金屬材料","物體倒塌、崩塌",2017-06-20,1,0
"448","苗栗縣","營造業","屋頂、屋架、樑","墜落、滾落",2017-06-20,1,0
"449","高雄市","製造業","待查","待查",2017-06-22,1,0
"450","新竹縣","製造業","屋頂、屋架、樑","墜落、滾落",2017-06-22,1,0
"451","雲林縣","營造業","動力鏟類設備(挖土機)","溺斃",2017-06-22,1,0
"452","高雄市","營造業","施工架","墜落、滾落",2017-06-22,1,0
"453","嘉義縣","營造業","移動式起重機","墜落、滾落",2017-06-23,1,0
"454","高雄市","營造業","屋頂、屋架、樑","墜落、滾落",2017-06-23,1,0
"455","桃園市","其他服務業","移動式起重機搭乘設備","墜落、滾落",2017-06-23,1,0
"456","桃園市","支援服務業","其他","物體倒塌、崩塌",2017-06-24,1,0
"457","桃園市","製造業","基座H鋼","物體倒塌、崩塌",2017-06-24,1,0
"458","台中市","營造業","金屬材料","被刺、割、擦傷",2017-06-24,1,0
"459","宜蘭縣","製造業","硫化氫","與有害物等之接觸",2017-06-26,4,1
"460","新竹縣","製造業","罩子","感電",2017-06-26,1,0
"461","台中市","製造業","移動梯","墜落、滾落",2017-06-27,1,0
"462","高雄市","營造業","屋頂、屋架、樑","墜落、滾落",2017-06-28,1,0
"463","彰化縣","批發及零售業","營建物","墜落、滾落",2017-06-28,1,0
"464","新北市","營造業","施工架","墜落、滾落",2017-06-29,1,0
"465","台南市","製造業","採光罩","墜落、滾落",2017-06-30,1,0
"466","桃園市","製造業","塑膠浪板","墜落、滾落",2017-06-30,1,0
"467","高雄市","運輸及倉儲業","艙蓋板","物體飛落",2017-07-03,1,0
"468","台南市","製造業","鑽床","被夾、被捲",2017-07-03,1,0
"469","桃園市","製造業","輸送帶","被夾、被捲",2017-07-04,1,0
"470","新北市","營造業","屋頂、屋架、樑","墜落、滾落",2017-07-04,1,0
"471","高雄市","電力及燃氣供應業","營建物","物體飛落",2017-07-06,1,1
"472","桃園市","不動產業","開口部分","墜落、滾落",2017-07-07,1,0
"473","桃園市","製造業","開口部分","墜落、滾落",2017-07-08,1,0
"474","嘉義縣","農、林、漁、牧業","水","溺斃",2017-07-08,1,0
"475","桃園市","營造業","開口部分","墜落、滾落",2017-07-10,1,0
"476","台南市","批發及零售業","其他(螺旋葉片)","被夾、被捲",2017-07-10,1,0
"477","台南市","營造業","屋頂、屋架、樑","墜落、滾落",2017-07-11,1,0
"478","新北市","營造業","開口部分","墜落、滾落",2017-07-12,1,0
"479","新竹縣","營造業","施工架","墜落、滾落",2017-07-14,1,0
"480","台北市","營造業","電","感電",2017-07-14,1,0
"481","苗栗縣","營造業","屋頂、屋架、樑","墜落、滾落",2017-07-14,1,0
"482","台北市","專業、科學及技術服務業","輸配電路線","感電",2017-07-15,1,0
"483","彰化縣","製造業","TY-209成型機","被夾、被捲",2017-07-18,1,0
"484","高雄市","營造業","輸配電線路","感電",2017-07-18,1,0
"485","彰化縣","營造業","移動梯","墜落、滾落",2017-07-18,1,0
"486","台南市","營造業","卡車","墜落、滾落",2017-07-18,1,0
"487","屏東縣","農、林、漁、牧業","其他媒介物(虎頭蜂)","其他",2017-07-19,1,0
"488","台南市","製造業","採光罩","墜落、滾落",2017-07-20,1,0
"489","高雄市","營造業","營建物","墜落、滾落",2017-07-20,1,0
"490","台北市","營造業","待查","待查",2017-07-20,1,0
"491","彰化縣","製造業","屋頂、屋架、樑","墜落、滾落",2017-07-21,1,0
"492","雲林縣","營造業","電弧熔接","感電",2017-07-22,1,0
"493","台南市","營造業","施工架","墜落、滾落",2017-07-22,1,0
"494","台北市","營造業","施工架","墜落、滾落",2017-07-23,1,0
"495","嘉義縣","電力及燃氣供應業","屋頂、屋架、樑","墜落、滾落",2017-07-24,1,0
"496","中科","營造業","電力設備","物體倒塌、崩塌",2017-07-25,1,0
"497","高雄市","批發及零售業","浪板","墜落、滾落",2017-07-27,1,0
"498","台北市","公共行政及國防；強制性社會安全","機車","公路交通事故",2017-07-29,1,0
"499","新北市","支援服務業","不能分類","墜落、滾落",2017-07-30,1,0
"500","台中市","營造業","合梯","墜落、滾落",2017-07-31,1,0
"501","嘉義縣","運輸及倉儲業","輸配電線路","感電",2017-07-31,1,0
"502","桃園市","製造業","其他(升降平台)","被夾、被捲",2017-08-01,1,0
"503","基隆市","農、林、漁、牧業","其他設備","感電",2017-08-03,1,0
"504","高雄市","營造業","屋頂、屋架、樑","墜落、滾落",2017-08-03,1,0
"505","台南市","營造業","開口部分","墜落、滾落",2017-08-03,1,0
"506","新北市","製造業","其他媒介物","感電",2017-08-04,1,0
"507","彰化縣","營造業","金屬材料","物體飛落",2017-08-07,1,0
"508","嘉義市","不動產業","開口部分","墜落、滾落",2017-08-07,1,0
"509","新竹市","專業、科學及技術服務業","拖板車","公路交通事故",2017-08-07,0,4
"510","新竹縣","批發及零售業","電線桿","公路交通事故",2017-08-07,1,0
"511","新竹市","製造業","原動機(馬達)","感電",2017-08-07,1,0
"512","嘉義縣","營造業","梯子等","墜落、滾落",2017-08-07,1,0
"513","桃園市","製造業","其他","被夾、被捲",2017-08-08,1,0
"514","高雄市","營造業","其他媒介物","物體飛落",2017-08-10,1,0
"515","彰化縣","製造業","輸配電線路","感電",2017-08-10,1,0
"516","台中市","營造業","其他(捲揚機)","墜落、滾落",2017-08-11,1,0
"517","嘉義縣","製造業","金屬材料","物體倒塌、崩塌",2017-08-12,1,0
"518","雲林縣","公共行政及國防；強制性社會安全","汽車、公共汽車","公路交通事故",2017-08-15,1,2
"519","桃園市","營造業","施工架","墜落、滾落",2017-08-18,1,0
"520","桃園市","營造業","營建物","物體飛落",2017-08-19,1,0
"521","新北市","製造業","PVC塑膠粒子太空包","物體倒塌、崩塌",2017-08-19,1,0
"522","台北市","營造業","其他","物體飛落",2017-08-21,1,0
"523","台中市","營造業","營建物","墜落、滾落",2017-08-23,1,0
"524","新北市","營造業","梯子等","墜落、滾落",2017-08-23,1,0
"525","桃園市","支援服務業","其他","被撞",2017-08-23,1,0
"526","台北市","專業、科學及技術服務業","輸配電線路","感電",2017-08-24,1,0
"527","台南市","營造業","營建物","墜落、滾落",2017-08-25,1,0
"528","台中市","農、林、漁、牧業","梯子","墜落、滾落",2017-08-25,1,0
"529","台南市","營造業","梯子","墜落、滾落",2017-08-25,1,0
"530","高雄市","運輸及倉儲業","金屬材料","物體飛落",2017-08-25,1,0
"531","宜蘭縣","營造業","營建物","物體飛落",2017-08-29,1,0
"532","台中市","製造業","其他","感電",2017-08-29,1,0
"533","新竹縣","營造業","施工架","墜落、滾落",2017-08-29,1,0
"534","新北市","製造業","輸配電路線","感電",2017-08-30,1,0
"535","桃園市","專業、科學及技術服務業","其他設備","墜落、滾落",2017-09-03,1,0
"536","高雄市","製造業","採光罩","墜落、滾落",2017-09-05,1,0
"537","桃園市","製造業","屋頂、屋架、樑","墜落、滾落",2017-09-05,1,0
"538","高雄市","批發及零售業","移動式工作台","墜落、滾落",2017-09-06,1,0
"539","台中市","專業、科學及技術服務業","輸配電線路","墜落、滾落",2017-09-06,1,0
"540","台南市","營造業","開口部分","墜落、滾落",2017-09-06,1,0
"541","苗栗縣","其他服務業","輸配電線路","感電",2017-09-07,1,0
"542","新北市","營造業","開口部分","墜落、滾落",2017-09-07,1,0
"543","台南市","製造業","開口部分","墜落、滾落",2017-09-08,1,0
"544","台南市","營造業","梯子等","墜落、滾落",2017-09-09,1,0
"545","花蓮縣","營造業","開口部分","墜落、滾落",2017-09-10,1,0
"546","宜蘭縣","營造業","土砂、岩石","物體倒塌、崩塌",2017-09-11,1,0
"547","新北市","批發及零售業","開口部分","墜落、滾落",2017-09-14,1,0
"548","彰化縣","營造業","營建物","墜落、滾落",2017-09-15,1,0
"549","苗栗縣","營造業","屋頂、屋架、樑","墜落、滾落",2017-09-16,1,0
"550","新北市","營造業","開口部分","墜落、滾落",2017-09-18,1,0
"551","高雄市","營造業","開口部分","墜落、滾落",2017-09-21,1,0
"552","新竹縣","製造業","機器","被夾、被捲",2017-09-22,1,0
"553","苗栗縣","製造業","電焊機","感電",2017-09-22,1,0
"554","台南市","批發及零售業","屋頂、屋架、樑","墜落、滾落",2017-09-22,1,0
"555","屏東縣","營造業","無媒介物","無法歸類者",2017-09-23,1,0
"556","新北市","運輸及倉儲業","貨車","物體倒塌、崩塌",2017-09-23,1,0
"557","新竹縣","營造業","支撐架","墜落、滾落",2017-09-26,1,0
"558","桃園市","不動產業","營建物","物體倒塌、崩塌",2017-09-28,1,2
"559","新北市","運輸及倉儲業","堆高機","墜落、滾落",2017-09-28,1,0
"560","台中市","批發及零售業","其他","被夾、被捲",2017-09-28,1,0
"561","新北市","營造業","施工架","墜落、滾落",2017-09-29,1,0
"562","南投縣","製造業","屋頂、屋架、樑","墜落、滾落",2017-10-02,1,0
"563","桃園市","營造業","其他","感電",2017-10-05,1,0
"564","新竹縣","營造業","施工架","墜落、滾落",2017-10-06,1,0
"565","新北市","營造業","高空工作車","墜落、滾落",2017-10-07,1,0
"566","台北市","專業、科學及技術服務業","屋頂、屋架、樑","墜落、滾落",2017-10-10,1,0
"567","台南市","製造業","開口部分","墜落、滾落",2017-10-11,1,0
"568","雲林縣","製造業","屋頂、屋架、樑","墜落、滾落",2017-10-12,1,0
"569","台南市","製造業","其他","被夾、被捲",2017-10-12,1,0
"570","台中市","營造業","模板","物體飛落",2017-10-12,1,2
"571","台南市","製造業","廢水大桶","溺斃",2017-10-14,2,0
"572","新北市","營造業","開口部分","墜落、滾落",2017-10-15,1,0
"573","新北市","營造業","屋頂、屋架、樑","墜落、滾落",2017-10-17,1,0
"574","台中市","批發及零售業","吊籠","墜落、滾落",2017-10-17,1,0
"575","彰化縣","營造業","屋頂、屋架、樑","墜落、滾落",2017-10-19,1,0
"576","新竹縣","製造業","電","感電",2017-10-21,1,0
"577","新北市","營造業","開口部分","墜落、滾落",2017-10-22,1,0
"578","新竹市","用水供應及汙染整治業","汽車","公路交通事故",2017-10-23,1,0
"579","花蓮縣","公共行政及國防；強制性社會安全","特殊環境","墜落、滾落",2017-10-25,1,0
"580","台中市","製造業","壓力管","物體飛落",2017-10-26,1,1
"581","台南市","營造業","營建物","墜落、滾落",2017-10-28,1,0
"582","新竹縣","營造業","鋼筋電剪","感電",2017-11-01,1,0
"583","新北市","營造業","開口部分","墜落、滾落",2017-11-04,1,0
"584","台南市","製造業","屋頂、屋架、樑","墜落、滾落",2017-11-04,1,0
"585","高雄市","營造業","施工架開口處","墜落、滾落",2017-11-07,1,0
"586","雲林縣","批發及零售業","屋頂、屋架、樑","墜落、滾落",2017-11-07,1,0
"587","桃園市","製造業","模具","物體倒塌、崩塌",2017-11-08,1,0
"588","桃園市","公共行政及國防；強制性社會安全","混凝土預拌車","公路交通事故",2017-11-08,1,0
"589","台南市","營造業","開口部分","溺斃",2017-11-08,1,0
"590","台南市","製造業","其他","感電",2017-11-08,1,0
"591","彰化縣","其他服務業","電弧熔接","爆炸",2017-11-10,1,0
"592","台南市","營造業","其他設備（電鑽)","感電",2017-11-11,1,0
"593","新竹縣","營造業","卡車","墜落、滾落",2017-11-13,1,0
"594","台南市","營造業","樓梯","墜落、滾落",2017-11-14,1,0
"595","新竹市","營造業","開口部分","墜落、滾落",2017-11-15,1,0
"596","台南市","營造業","梯子等","墜落、滾落",2017-11-15,1,0
"597","高雄市","農、林、漁、牧業","易燃易體","爆炸",2017-11-17,0,4
"598","台中市","製造業","其他(挖溝機)","墜落、滾落",2017-11-22,1,0
"599","屏東縣","批發及零售業","卡車","被撞",2017-11-23,1,0
"600","新北市","營造業","營建物","墜落、滾落",2017-11-23,1,0
"601","桃園市","製造業","其他","被夾、被捲",2017-11-27,1,0
"602","南投縣","營造業","貨車","被撞",2017-11-29,1,0
"603","台中市","批發及零售業","開口處","墜落、滾落",2017-12-02,1,0
"604","台北市","營造業","合梯","墜落、滾落",2017-12-03,1,0
"605","高雄市","運輸及倉儲業","傾卸車","衝撞",2017-12-06,1,0
"606","台南市","製造業","待查","待查",2017-12-06,1,0
"607","新北市","營造業","盲板","物體飛落",2017-12-07,1,0
"608","台中市","營造業","開口部分","墜落、滾落",2017-12-08,1,0
"609","新北市","農、林、漁、牧業","水","溺斃",2017-12-08,1,2
"610","新北市","營造業","施工架","墜落、滾落",2017-12-09,1,0
"611","彰化縣","營造業","開口","墜落、滾落",2017-12-11,1,0
"612","台中市","營造業","車輛","公路交通事故",2017-12-11,1,1
"613","雲林縣","製造業","屋頂、屋架、樑","墜落、滾落",2017-12-12,1,0
"614","台中市","營造業","施工架","墜落、滾落",2017-12-13,1,0
"615","新北市","營造業","工作台","墜落、滾落",2017-12-14,1,0
"616","屏東縣","營造業","梯子等","墜落、滾落",2017-12-19,1,0
"617","台中市","營造業","營建物","墜落、滾落",2017-12-21,1,0
"618","台南市","不動產業","施工架","墜落、滾落",2017-12-23,1,0
"619","新北市","無","堆高機","墜落、滾落",2017-12-24,1,0
"620","桃園市","營造業","工作台","墜落、滾落",2017-12-25,1,0
"621","台南市","批發及零售業","已包裝貨物","物體倒塌、崩塌",2017-12-25,1,0
"622","屏東縣","製造業","車輛","被撞",2017-12-26,1,0
"623","台北市","營造業","合梯","墜落、滾落",2017-12-26,1,0
"624","新北市","營造業","屋頂、屋架、樑","墜落、滾落",2017-12-26,1,0
"625","宜蘭縣","營造業","樓板","墜落、滾落",2017-12-27,1,0
"626","花蓮縣","製造業","固定式起重機","墜落、滾落",2017-12-28,1,0
"627","台中市","營造業","工作平台、踏板","墜落、滾落",2017-12-29,1,0
"628","南投縣","營造業","屋頂、屋架、樑","墜落、滾落",2015-01-02,1,0
"629","台北市","營造業","梯子","墜落、滾落",2015-01-05,1,0
"630","南投縣","營造業","營建物","跌倒",2015-01-06,1,0
"631","台北市","支援服務業","電動拉門","被夾、被捲",2015-01-09,1,0
"632","桃園市","營造業","屋頂、屋架、樑","墜落、滾落",2015-01-09,1,0
"633","高雄市","農、林、漁、牧業","其他","與有害物等之接觸",2015-01-09,1,2
"634","嘉義縣","製造業","滾軋機(碎土機)","被夾、被捲",2015-01-13,1,0
"635","台南市","製造業","有害物(氨水)","與有害物等之接觸",2015-01-14,1,1
"636","雲林縣","製造業","其他","被夾、被捲",2015-01-16,1,0
"637","高雄市","營造業","金屬材料(中間樁)","被撞",2015-01-16,1,0
"638","南投縣","營造業","固定梯","墜落、滾落",2015-01-16,1,0
"639","屏東縣","營造業","施工架","墜落、滾落",2015-01-19,1,0
"640","基隆市","營造業","可燃性氣體","火災",2015-01-21,0,3
"641","新北市","營造業","挖土機","被撞",2015-01-21,1,0
"642","台中市","製造業","輸送帶","被夾、被捲",2015-01-23,1,0
"643","桃園市","批發及零售業","堆高機","墜落、滾落",2015-01-24,1,0
"644","桃園市","製造業","爐、窯等","爆炸",2015-01-25,0,4
"645","新北市","營造業","屋頂、屋架、樑","墜落、滾落",2015-01-26,1,0
"646","苗栗縣","製造業","其他","其他",2015-01-26,1,0
"647","桃園市","製造業","其他設備(集塵器)","爆炸",2015-01-26,0,8
"648","桃園市","營造業","移動梯","墜落、滾落",2015-01-27,1,0
"649","台北市","資訊及傳播通訊業","營建物","物體倒塌、崩塌",2015-01-29,1,2
"650","新北市","營造業","金屬材料","跌倒",2015-01-29,1,0
"651","台南市","農、林、漁、牧業","鏟土機鏟斗","被撞",2015-01-29,1,1
"652","宜蘭縣","製造業","製麵機","被夾、被捲",2015-01-30,1,0
"653","桃園市","製造業","開口部分","墜落、滾落",2015-01-30,1,0
"654","桃園市","用水供應及汙染整治業","打樁機、拔樁機","爆炸",2015-01-31,1,0
"655","桃園市","製造業","固定式起重機","物體倒塌、崩塌",2015-01-31,1,0
"656","雲林縣","營造業","其他(高空作業車)","墜落、滾落",2015-01-31,1,0
"657","台中市","營造業","施工架","墜落、滾落",2015-02-02,1,0
"658","屏東縣","營造業","施工架","墜落、滾落",2015-02-02,1,0
"659","桃園市","營造業","其它","墜落、滾落",2015-02-03,1,0
"660","新竹縣","營造業","樓梯","墜落、滾落",2015-02-03,1,0
"661","高雄市","營造業","可燃性氣體","爆炸",2015-02-04,1,0
"662","高雄市","專業、科學及技術服務業","有害物","與有害物等之接觸",2015-02-06,1,0
"663","高雄市","營造業","營建物","墜落、滾落",2015-02-07,1,0
"664","新北市","營造業","施工架","墜落、滾落",2015-02-07,1,0
"665","台南市","製造業","其他","被夾、被捲",2015-02-07,1,0
"666","新北市","用水供應及汙染整治業","汽車","公路交通事故",2015-02-08,0,3
"667","基隆市","支援服務業","開口部分","墜落、滾落",2015-02-09,1,0
"668","桃園市","支援服務業","其他","火災",2015-02-09,1,0
"669","花蓮縣","營造業","施工架","墜落、滾落",2015-02-09,1,0
"670","新北市","製造業","堆高機","物體飛落",2015-02-09,1,0
"671","宜蘭縣","營造業","土砂、岩石","物體倒塌、崩塌",2015-02-10,1,0
"672","高雄市","營造業","工作台","墜落、滾落",2015-02-12,1,0
"673","高雄市","營造業","營建物","墜落、滾落",2015-02-14,1,0
"674","彰化縣","製造業","堆高機","被撞",2015-02-16,1,0
"675","新北市","批發及零售業","升降機","墜落、滾落",2015-02-16,1,0
"676","高雄市","製造業","離心機","被夾、被捲",2015-02-23,1,0
"677","高雄市","製造業","混合機及粉碎機","被夾、被捲",2015-02-26,1,0
"678","台中市","製造業","固定式起重機","墜落、滾落",2015-02-28,1,0
"679","新竹縣","礦業及土石採取業","堆高機","被撞",2015-03-02,1,0
"680","新竹市","營造業","施工架","墜落、滾落",2015-03-03,1,0
"681","桃園市","營造業","施工架","墜落、滾落",2015-03-03,1,0
"682","台南市","製造業","金屬材料","物體倒塌、崩塌",2015-03-03,1,0
"683","台北市","營造業","營建物","物體倒塌、崩塌",2015-03-04,1,0
"684","雲林縣","公共行政及國防；強制性社會安全","汽車﹑公共汽車","公路交通事故",2015-03-04,1,0
"685","高雄市","營造業","施工架","墜落、滾落",2015-03-05,1,0
"686","台東縣","營造業","其他(預拌混凝土車)","墜落、滾落",2015-03-06,1,0
"687","宜蘭縣","製造業","開口部分","墜落、滾落",2015-03-07,1,0
"688","台中市","製造業","屋頂、屋架、樑","墜落、滾落",2015-03-07,1,0
"689","高雄市","製造業","易燃液體","爆炸",2015-03-09,1,0
"690","基隆市","營造業","營建物","物體倒塌、崩塌",2015-03-10,1,0
"691","台南市","營造業","屋頂、屋架、樑","墜落、滾落",2015-03-10,1,0
"692","台東縣","營造業","其他營建用機械","被撞",2015-03-11,1,0
"693","南投縣","營造業","施工架","墜落、滾落",2015-03-12,1,0
"694","宜蘭縣","農、林、漁、牧業","水","溺斃",2015-03-12,1,0
"695","新北市","營造業","開口部分","墜落、滾落",2015-03-13,1,0
"696","台南市","營造業","有害物","與有害物等之接觸",2015-03-13,1,1
"697","雲林縣","製造業","化學設備(油槽)","墜落、滾落",2015-03-16,1,0
"698","桃園市","營造業","施工架","墜落、滾落",2015-03-18,1,0
"699","台南市","不動產業","工作台","墜落、滾落",2015-03-18,1,0
"700","台北市","營造業","梯子等","墜落、滾落",2015-03-19,1,0
"701","高雄市","營造業","輸配電線路","跌倒",2015-03-19,1,0
"702","高雄市","營造業","營建物","墜落、滾落",2015-03-20,1,0
"703","台南市","營造業","開口部分","墜落、滾落",2015-03-20,1,0
"704","彰化縣","營造業","屋頂、屋架、樑","墜落、滾落",2015-03-21,1,0
"705","花蓮縣","營造業","營建物","物體倒塌、崩塌",2015-03-22,1,0
"706","新北市","製造業","其他","被夾、被捲",2015-03-23,1,0
"707","彰化縣","製造業","其他","被夾、被捲",2015-03-27,1,0
"708","桃園市","製造業","木材","物體倒塌、崩塌",2015-03-27,1,0
"709","台南市","不動產業","施工架","墜落、滾落",2015-03-27,1,0
"710","台北市","營造業","施工架","墜落、滾落",2015-03-29,1,0
"711","新竹縣","營造業","營建物","墜落、滾落",2015-03-30,1,0
"712","台南市","製造業","張力滾輪","被夾、被捲",2015-03-31,1,0
"713","宜蘭縣","其他服務業","開口部分","墜落、滾落",2015-04-02,1,0
"714","台中市","運輸及倉儲業","卡車","其他交通事故",2015-04-04,1,0
"715","南科","製造業","其他(複捲機)","被夾、被捲",2015-04-07,1,0
"716","台北市","批發及零售業","開口部分","墜落、滾落",2015-04-07,1,0
"717","宜蘭縣","公共行政及國防；強制性社會安全","汽車","公路交通事故",2015-04-09,1,0
"718","雲林縣","電力及燃氣供應業","屋頂(採光板)","墜落、滾落",2015-04-09,1,0
"719","台中市","製造業","衝床","物體破裂",2015-04-09,1,0
"720","台中市","營造業","屋頂、屋架、樑","物體倒塌、崩塌",2015-04-10,2,4
"721","台中市","製造業","屋頂","墜落、滾落",2015-04-12,1,0
"722","屏東縣","公共行政及國防；強制性社會安全","其他","墜落、滾落",2015-04-14,1,0
"723","台中市","製造業","集塵機","其他",2015-04-15,1,1
"724","高雄市","營造業","梯子等","墜落、滾落",2015-04-16,1,0
"725","新竹縣","營造業","開口","墜落、滾落",2015-04-16,1,0
"726","南投縣","營造業","營建物(橋面鍍鋅銅板)","墜落、滾落",2015-04-19,2,0
"727","桃園市","支援服務業","工廠大門","被夾、被捲",2015-04-22,1,0
"728","新竹縣","營造業","施工架","墜落、滾落",2015-04-24,1,0
"729","高雄市","製造業","金屬材料","被撞",2015-04-28,1,0
"730","新北市","營造業","梯子等","墜落、滾落",2015-04-29,1,0
"731","嘉義縣","製造業","混合機及粉碎機(攪拌機)","被夾、被捲",2015-04-29,1,0
"732","台中市","營造業","電力設備","感電",2015-04-29,1,0
"733","台南市","營造業","工作台","墜落、滾落",2015-04-29,1,0
"734","嘉義縣","營造業","輸配電線路","感電",2015-04-30,1,0
"735","桃園市","營造業","施工架","墜落、滾落",2015-05-01,1,0
"736","嘉義縣","批發及零售業","爆炸性物質","爆炸",2015-05-01,1,1
"737","新北市","製造業","屋頂、屋架、樑","墜落、滾落",2015-05-02,1,0
"738","新北市","製造業","壓鑄機","被夾、被捲",2015-05-05,1,0
"739","新北市","製造業","移動式起重機","其他",2015-05-06,1,0
"740","新北市","製造業","升降機、提升機","物體飛落",2015-05-08,1,0
"741","高雄市","支援服務業","移動式起重機","物體倒塌、崩塌",2015-05-09,1,0
"742","台北市","營造業","通路","跌倒",2015-05-11,1,0
"743","新北市","用水供應及汙染整治業","移動式起重機","物體倒塌、崩塌",2015-05-14,1,0
"744","新北市","製造業","汽車","物體飛落",2015-05-15,1,0
"745","宜蘭縣","不動產業","屋頂、屋架、樑","墜落、滾落",2015-05-15,1,0
"746","屏東縣","製造業","屋頂、屋架、樑","墜落、滾落",2015-05-15,1,0
"747","基隆市","營造業","開口部分","墜落、滾落",2015-05-16,1,0
"748","台中市","營造業","土砂、岩石","物體倒塌、崩塌",2015-05-17,1,0
"749","台北市","營造業","金屬材料","物體飛落",2015-05-19,1,0
"750","桃園市","製造業","鋼板","物體飛落",2015-05-20,1,0
"751","桃園市","營造業","施工架","跌倒",2015-05-27,1,0
"752","台南市","營造業","施工架","墜落、滾落",2015-05-29,1,0
"753","台北市","營造業","水","溺斃",2015-05-30,1,0
"754","台中市","支援服務業","其他","跌倒",2015-05-31,1,0
"755","彰化縣","批發及零售業","輸配電線路","感電",2015-06-01,1,0
"756","台中市","營造業","工作台、踏板","墜落、滾落",2015-06-01,1,0
"757","台北市","營造業","其他","衝撞",2015-06-02,1,0
"758","高雄市","製造業","盤元","物體飛落",2015-06-03,1,0
"759","中科","專業、科學及技術服務業","卡車","墜落、滾落",2015-06-03,1,0
"760","高雄市","營造業","施工架","墜落、滾落",2015-06-03,1,0
"761","新北市","用水供應及汙染整治業","有害氣體","與有害物等之接觸",2015-06-03,1,2
"762","桃園市","營造業","電器開關箱","感電",2015-06-03,1,0
"763","屏東縣","專業、科學及技術服務業","火車","鐵路交通事故",2015-06-04,1,0
"764","新竹縣","營造業","梯子等","墜落、滾落",2015-06-04,1,0
"765","嘉義縣","用水供應及汙染整治業","其他(鏟土機)","被撞",2015-06-10,1,0
"766","新北市","營造業","施工架","墜落、滾落",2015-06-11,1,0
"767","高雄市","營造業","其他","感電",2015-06-11,1,0
"768","新竹縣","運輸及倉儲業","其他(自動存取機)","被夾、被捲",2015-06-12,1,0
"769","台中市","製造業","水","溺斃",2015-06-12,1,0
"770","高雄市","營造業","屋頂、屋架、樑","墜落、滾落",2015-06-12,1,0
"771","屏東縣","電力及燃氣供應業","火","火災",2015-06-13,1,1
"772","新北市","營造業","施工架","物體倒塌、崩塌",2015-06-13,1,1
"773","桃園市","營造業","電力設備","感電",2015-06-14,1,0
"774","高雄市","批發及零售業","營建物","墜落、滾落",2015-06-14,1,0
"775","雲林縣","營造業","施工架","物體倒塌、崩塌",2015-06-15,1,0
"776","高雄市","營造業","施工架","物體倒塌、崩塌",2015-06-18,1,0
"777","苗栗縣","營造業","工作台","墜落、滾落",2015-06-20,1,0
"778","桃園市","營造業","屋頂、屋架、樑","墜落、滾落",2015-06-20,1,0
"779","彰化縣","批發及零售業","堆高機","墜落、滾落",2015-06-22,1,0
"780","宜蘭縣","支援服務業","其他","跌倒",2015-06-22,1,0
"781","彰化縣","運輸及倉儲業","堆高機","被撞",2015-06-23,1,0
"782","新竹縣","製造業","電弧熔接","感電",2015-06-24,1,0
"783","新北市","營造業","其他","與有害物等之接觸",2015-06-24,1,0
"784","台中市","運輸及倉儲業","汽車","公路交通事故",2015-06-25,1,0
"785","高雄市","營造業","營建物","墜落、滾落",2015-06-25,1,0
"786","台中市","資訊及傳播通訊業","輸配電線路","感電",2015-06-26,1,0
"787","新北市","支援服務業","開口部分","墜落、滾落",2015-06-27,1,0
"788","桃園市","營造業","屋頂、屋架、樑","墜落、滾落",2015-06-28,1,0
"789","澎湖縣","運輸及倉儲業","手工具(鋼棒插銷)","衝撞",2015-06-28,1,0
"790","苗栗縣","營造業","屋頂、屋架、樑","墜落、滾落",2015-06-29,1,0
"791","台中市","營造業","輸配電線路","感電",2015-06-29,1,0
"792","雲林縣","製造業","工作台、踏板","墜落、滾落",2015-07-02,1,0
"793","雲林縣","營造業","梯子等","墜落、滾落",2015-07-02,1,0
"794","屏東縣","公共行政及國防；強制性社會安全","火車","鐵路交通事故",2015-07-03,1,0
"795","高雄市","運輸及倉儲業","已包裝貨物","被撞",2015-07-04,1,0
"796","台中市","製造業","易燃液體","火災",2015-07-09,1,0
"797","新北市","營造業","開口部分","墜落、滾落",2015-07-10,1,0
"798","高雄市","製造業","固定式起重機","被夾、被捲",2015-07-10,1,0
"799","雲林縣","營造業","屋頂、屋架、樑","墜落、滾落",2015-07-15,1,0
"800","台北市","支援服務業","電流","感電",2015-07-15,1,0
"801","台中市","營造業","營建物","物體倒塌、崩塌",2015-07-16,1,0
"802","台中市","營造業","開口部分","墜落、滾落",2015-07-16,1,0
"803","桃園市","製造業","有害物","溺斃",2015-07-17,1,0
"804","彰化縣","製造業","堆高機","衝撞",2015-07-20,1,0
"805","台北市","營造業","有害物","與有害物等之接觸",2015-07-20,2,0
"806","新北市","製造業","衝床","被夾、被捲",2015-07-20,1,0
"807","彰化縣","營造業","金屬材料","被撞",2015-07-22,1,0
"808","桃園市","營造業","其他","物體飛落",2015-07-25,1,0
"809","金門縣","營造業","營建物","溺斃",2015-07-25,1,0
"810","高雄市","營造業","電力設備","感電",2015-07-25,1,0
"811","台北市","用水供應及汙染整治業","開口部分","墜落、滾落",2015-07-26,1,0
"812","桃園市","營造業","開口部分","墜落、滾落",2015-07-29,1,0
"813","南投縣","製造業",NA,"被夾、被捲",2015-07-29,1,0
"814","新竹縣","製造業","堆高機","墜落、滾落",2015-07-30,1,0
"815","桃園市","支援服務業","合梯","墜落、滾落",2015-07-30,1,0
"816","桃園市","支援服務業","U型扣","被撞",2015-07-31,1,0
"817","新北市","營造業","贏建物","物體倒塌、崩塌",2015-07-31,1,0
"818","台中市","營造業","電力設備","感電",2015-08-01,1,0
"819","新北市","營造業","開口部分","墜落、滾落",2015-08-03,1,0
"820","新北市","支援服務業","工作臺","被夾、被捲",2015-08-03,1,0
"821","彰化縣","營造業","屋頂、屋架、樑","墜落、滾落",2015-08-04,1,0
"822","台北市","營造業","輸配電線路","感電",2015-08-04,1,0
"823","桃園市","支援服務業","開口部分","墜落、滾落",2015-08-04,1,0
"824","台北市","營造業","營建物","墜落、滾落",2015-08-05,1,0
"825","高雄市","營造業","開口部分","墜落、滾落",2015-08-06,1,0
"826","台中市","不動產業","開口部分","墜落、滾落",2015-08-06,1,0
"827","花蓮縣","批發及零售業","開口部分","墜落、滾落",2015-08-08,1,0
"828","高雄市","製造業","電力設備","感電",2015-08-08,1,0
"829","台北市","營造業","其他設備","墜落、滾落",2015-08-10,1,0
"830","嘉義縣","農、林、漁、牧業","制水閘","溺斃",2015-08-10,1,0
"831","彰化縣","製造業","堆高機","墜落、滾落",2015-08-10,1,0
"832","新北市","支援服務業","其他(排風扇)","被撞",2015-08-10,1,0
"833","彰化縣","營造業","屋頂、屋架、樑","墜落、滾落",2015-08-11,1,0
"834","屏東縣","支援服務業","其他(廣告招牌)","墜落、滾落",2015-08-11,1,0
"835","新北市","營造業","屋頂、屋架、樑","墜落、滾落",2015-08-12,1,0
"836","台中市","營造業","屋頂、屋架、樑","墜落、滾落",2015-08-12,1,0
"837","新竹縣","製造業","屋頂、屋架、樑","墜落、滾落",2015-08-13,1,0
"838","嘉義市","營造業","屋頂、屋架、樑","墜落、滾落",2015-08-13,1,0
"839","彰化縣","營造業","梯子等","墜落、滾落",2015-08-14,1,0
"840","台中市","營造業","施工架","墜落、滾落",2015-08-14,1,0
"841","嘉義縣","支援服務業","輸配電線路","感電",2015-08-15,1,0
"842","台中市","營造業","屋頂、屋架、樑","墜落、滾落",2015-08-17,1,0
"843","新竹縣","製造業","棧板","物體飛落",2015-08-18,1,0
"844","花蓮縣","營造業","土石","物體倒塌、崩塌",2015-08-19,1,0
"845","高雄市","運輸及倉儲業","木材、竹材","物體飛落",2015-08-20,1,0
"846","台南市","製造業","屋頂、屋架、樑","墜落、滾落",2015-08-22,1,0
"847","苗栗縣","製造業","屋頂、屋架、樑","墜落、滾落",2015-08-24,1,0
"848","新北市","支援服務業","採光罩","墜落、滾落",2015-08-26,1,0
"849","台南市","營造業","金屬材料","墜落、滾落",2015-08-27,1,0
"850","彰化縣","營造業","開口部分","墜落、滾落",2015-08-31,1,0
"851","高雄市","支援服務業","梯子","墜落、滾落",2015-08-31,1,0
"852","新北市","支援服務業","梯子等","墜落、滾落",2015-08-31,1,0
"853","嘉義市","營造業","施工架","墜落、滾落",2015-09-02,1,0
"854","新竹縣","營造業","工作台踏板","墜落、滾落",2015-09-03,1,0
"855","高雄市","營造業","其他","感電",2015-09-03,1,0
"856","台中市","營造業","屋頂、屋架、樑","墜落、滾落",2015-09-03,1,0
"857","新北市","支援服務業","梯子等","墜落、滾落",2015-09-04,1,0
"858","桃園市","營造業","屋頂、屋架、樑","墜落、滾落",2015-09-06,1,0
"859","新竹市","專業、科學及技術服務業","無媒介物","墜落、滾落",2015-09-06,1,0
"860","新北市","支援服務業","不能分類","其他",2015-09-07,1,0
"861","桃園市","製造業","其他","感電",2015-09-11,1,0
"862","台中市","用水供應及汙染整治業","動力鏟類設備","墜落、滾落",2015-09-11,1,0
"863","桃園市","批發及零售業","卡車","墜落、滾落",2015-09-12,1,0
"864","彰化縣","製造業","無媒介物","跌倒",2015-09-12,1,0
"865","花蓮縣","製造業","開口部分","墜落、滾落",2015-09-15,1,0
"866","桃園市","製造業","金屬材料","物體倒塌、崩塌",2015-09-15,1,0
"867","苗栗縣","支援服務業","其他","公路交通事故",2015-09-17,1,0
"868","台北市","營造業","開口部分","墜落、滾落",2015-09-18,1,0
"869","新竹市","支援服務業","吊車
移動式起重機","墜落、滾落",2015-09-19,1,0
"870","苗栗縣","營造業","移動式起重機","被夾、被捲",2015-09-22,1,0
"871","新北市","營造業","開口","墜落、滾落",2015-09-22,1,0
"872","台中市","製造業","金屬材料","物體倒塌、崩塌",2015-09-22,1,0
"873","台南市","營造業","營建物(鋼柱)","物體飛落",2015-09-22,1,0
"874","台南市","專業、科學及技術服務業","其他","被夾、被捲",2015-09-22,1,0
"875","新竹縣","製造業","開口部分","墜落、滾落",2015-09-23,1,0
"876","台南市","製造業","屋頂、屋架、樑","墜落、滾落",2015-09-24,1,0
"877","雲林縣","製造業","升降機、提升機","墜落、滾落",2015-09-25,1,0
"878","花蓮縣","營造業","開口部分","墜落、滾落",2015-09-26,1,0
"879","台北市","支援服務業","開口部分","墜落、滾落",2015-09-28,1,0
"880","台中市","營造業","強風","墜落、滾落",2015-09-28,1,0
"881","台北市","營造業","施工架","墜落、滾落",2015-09-29,1,0
"882","台北市","支援服務業","其他(工作繩)","墜落、滾落",2015-10-01,1,0
"883","台中市","營造業","屋頂、屋架、樑","墜落、滾落",2015-10-02,1,0
"884","台中市","製造業","易燃液體","火災",2015-10-02,0,6
"885","新北市","營造業","施工架","墜落、滾落",2015-10-02,1,0
"886","彰化縣","製造業","其他","感電",2015-10-03,1,0
"887","中科","營造業","移動式起重機","物體倒塌、崩塌",2015-10-04,1,0
"888","台中市","營造業","梯子等","墜落、滾落",2015-10-04,1,0
"889","新北市","營造業","通路","跌倒",2015-10-05,1,0
"890","台北市","營造業","梯子等","墜落、滾落",2015-10-06,1,0
"891","台北市","支援服務業","吊籠","墜落、滾落",2015-10-08,1,0
"892","金門縣","批發及零售業","砂石車斗","被夾、被捲",2015-10-09,1,0
"893","高雄市","製造業","輸送帶","被夾、被捲",2015-10-09,1,0
"894","苗栗縣","製造業","其他","被夾、被捲",2015-10-10,1,0
"895","新北市","營造業","施工架","墜落、滾落",2015-10-10,1,0
"896","高雄市","運輸及倉儲業","開口部分","跌倒",2015-10-13,1,0
"897","新北市","製造業","電力設備","火災",2015-10-15,1,1
"898","台南市","支援服務業","虎頭蜂","其他",2015-10-15,1,0
"899","新北市","營造業","屋頂、屋架、樑","墜落、滾落",2015-10-16,1,0
"900","新竹縣","營造業","施工架","墜落、滾落",2015-10-16,1,0
"901","高雄市","運輸及倉儲業","卡車","被夾、被捲",2015-10-16,1,0
"902","南投縣","電力及燃氣供應業","電桿","被撞",2015-10-16,1,0
"903","彰化縣","不動產業","施工架","墜落、滾落",2015-10-16,1,0
"904","台北市","營造業","一氧化碳","與有害物等之接觸",2015-10-17,1,0
"905","花蓮縣","其他服務業","石材","物體倒塌、崩塌",2015-10-18,1,0
"906","台中市","公共行政及國防；強制性社會安全","其他(高空作業車)","墜落、滾落",2015-10-19,1,0
"907","雲林縣","營造業","屋頂、屋架、樑","墜落、滾落",2015-10-19,1,0
"908","新北市","製造業","硫化氫","與有害物等之接觸",2015-10-20,2,0
"909","台中市","營造業","高空工作車","被夾、被捲",2015-10-20,1,0
"910","台中市","製造業","其他(混凝土預拌車)","墜落、滾落",2015-10-20,1,0
"911","台中市","其他服務業","立木","墜落、滾落",2015-10-20,1,0
"912","台中市","批發及零售業","木材","物體飛落",2015-10-21,1,0
"913","台北市","其他服務業","棚架","墜落、滾落",2015-10-21,1,0
"914","台中市","用水供應及汙染整治業","其他(鏟裝機)","被夾、被捲",2015-10-21,1,0
"915","台南市","營造業","屋頂","墜落、滾落",2015-10-24,1,0
"916","高雄市","營造業","移動式起重機","墜落、滾落",2015-10-26,1,0
"917","台中市","製造業","堆高機","被撞",2015-10-26,1,0
"918","新北市","公共行政及國防；強制性社會安全","卡車","被撞",2015-10-27,1,0
"919","台中市","營造業","輸配電線路","感電",2015-10-29,1,0
"920","雲林縣","營造業","施工架","墜落、滾落",2015-10-29,1,0
"921","彰化縣","用水供應及汙染整治業","開口部分","墜落、滾落",2015-10-29,1,0
"922","高雄市","製造業","其他","墜落、滾落",2015-10-30,1,0
"923","新竹縣","其他服務業","電動車","被撞",2015-10-30,1,0
"924","台中市","運輸及倉儲業","其他(混凝土預拌車)","墜落、滾落",2015-10-30,1,0
"925","新竹市","營造業","其他","感電",2015-11-01,1,0
"926","花蓮縣","製造業","輸送帶","被夾、被捲",2015-11-02,1,0
"927","桃園市","製造業","堆高機","被夾、被捲",2015-11-04,1,0
"928","彰化縣","製造業","機器","被夾、被捲",2015-11-04,1,0
"929","宜蘭縣","醫療保健及社會工作服務業","其他","無法歸類者",2015-11-05,1,0
"930","屏東縣","不動產業","施工架","墜落、滾落",2015-11-07,1,0
"931","南投縣","製造業","土砂、岩石","跌倒",2015-11-09,1,0
"932","彰化縣","營造業","施工架","墜落、滾落",2015-11-09,1,0
"933","彰化縣","營造業","支撐架","墜落、滾落",2015-11-09,0,3
"934","新竹縣","公共行政及國防；強制性社會安全","開口部分","墜落、滾落",2015-11-10,1,0
"935","新北市","營造業","屋頂、屋架、樑","墜落、滾落",2015-11-11,1,0
"936","高雄市","營造業","水溝","溺斃",2015-11-12,1,0
"937","新北市","其他服務業","冷氣機電路","感電",2015-11-14,1,0
"938","台南市","製造業","堆高機","物體倒塌、崩塌",2015-11-14,1,0
"939","高雄市","公共行政及國防；強制性社會安全","港口","溺斃",2015-11-15,1,0
"940","桃園市","製造業","已包裝貨物","物體倒塌、崩塌",2015-11-16,1,0
"941","台南市","營造業","開口部分","墜落、滾落",2015-11-19,1,0
"942","新竹縣","營造業","營建物","物體倒塌、崩塌",2015-11-20,1,0
"943","桃園市","製造業","染液","與高溫、低溫之接觸",2015-11-20,1,0
"944","新北市","專業、科學及技術服務業","直升機","船舶、航空器",2015-11-22,2,0
"945","南投縣","營造業","屋頂、屋架、樑","墜落、滾落",2015-11-22,1,0
"946","桃園市","製造業","油壓機","被夾、被捲",2015-11-23,1,0
"947","高雄市","製造業","其他","其他",2015-11-24,1,0
"948","桃園市","製造業","起重機","被撞",2015-11-25,1,0
"949","新北市","不動產業","有害物","與有害物等之接觸",2015-11-26,2,0
"950","新竹市","製造業","堆高機","被夾、被捲",2015-11-27,1,0
"951","新北市","製造業","電流","感電",2015-11-29,1,0
"952","台中市","公共行政及國防；強制性社會安全","其他環境(溝渠)","墜落、滾落",2015-12-01,1,0
"953","新北市","營造業","土砂、岩石","物體倒塌、崩塌",2015-12-02,1,0
"954","台中市","營造業","開口部分","墜落、滾落",2015-12-02,1,0
"955","台中市","製造業","屋頂、屋架、樑","墜落、滾落",2015-12-04,1,0
"956","新竹縣","製造業","其他(皺褶機)","物體飛落",2015-12-07,1,0
"957","基隆市","公共行政及國防；強制性社會安全","鏟斗","被撞",2015-12-07,1,0
"958","苗栗縣","製造業","反應器","與高溫、低溫之接觸",2015-12-07,1,1
"959","花蓮縣","製造業","電桿","物體倒塌、崩塌",2015-12-11,1,0
"960","宜蘭縣","製造業","開口部分","墜落、滾落",2015-12-12,1,0
"961","新北市","營造業","開口處","墜落、滾落",2015-12-13,1,0
"962","嘉義縣","製造業","堆高機","衝撞",2015-12-15,1,0
"963","新竹縣","營造業","開口部分","墜落、滾落",2015-12-15,1,0
"964","台南市","營造業","樓梯","墜落、滾落",2015-12-16,1,0
"965","台中市","製造業","衝床","物體倒塌、崩塌",2015-12-16,1,0
"966","新北市","營造業","輸配電線路","感電",2015-12-18,1,0
"967","高雄市","製造業","物件","跌倒",2015-12-22,1,0
"968","雲林縣","營造業","動力鏟類設備","被撞",2015-12-22,1,0
"969","宜蘭縣","電力及燃氣供應業","高壓電","感電",2015-12-28,1,0
"970","屏東縣","製造業","其他","跌倒",2015-12-29,1,0
"971","新竹市","營造業","浪板","墜落、滾落",2015-12-30,1,0
"972","新北市","營造業","開口部分","墜落、滾落",2015-12-30,1,0
"973","南投縣","製造業","屋頂、屋架、樑","墜落、滾落",2015-12-31,1,0
"974","台南市","製造業","施工架","墜落、滾落",2016-01-02,1,0
"975","宜蘭縣","製造業","輸送帶","被夾、被捲",2016-01-03,1,0
"976","屏東縣","營造業","開口","墜落、滾落",2016-01-04,1,0
"977","新北市","營造業","施工架","墜落、滾落",2016-01-07,1,0
"978","桃園市","其他服務業","卡車","被夾、被捲",2016-01-07,1,0
"979","屏東縣","製造業","堆高機","被夾、被捲",2016-01-08,1,0
"980","高雄市","營造業","屋頂","墜落、滾落",2016-01-09,1,0
"981","桃園市","運輸及倉儲業","已包裝貨物","物體飛落",2016-01-11,1,0
"982","南科","製造業","水","溺斃",2016-01-13,1,0
"983","新竹市","醫療保健及社會工作服務業","其他","其他",2016-01-13,0,3
"984","桃園市","製造業","堆高機","被撞",2016-01-14,1,0
"985","新北市","營造業","梯子等","墜落、滾落",2016-01-18,1,0
"986","新北市","營造業","屋頂、屋架、樑","墜落、滾落",2016-01-18,1,0
"987","苗栗縣","製造業","貨車烤箱","物體倒塌、崩塌",2016-01-19,1,0
"988","高雄市","營造業","梯子等","墜落、滾落",2016-01-20,1,0
"989","彰化縣","製造業","傳動軸","被夾、被捲",2016-01-20,1,0
"990","雲林縣","製造業","其他","被夾、被捲",2016-01-21,1,0
"991","彰化縣","營造業","施工架","墜落、滾落",2016-01-21,1,0
"992","新北市","營造業","施工架","墜落、滾落",2016-01-24,1,0
"993","台北市","支援服務業","開口部分","墜落、滾落",2016-01-25,1,0
"994","高雄市","製造業","桁架","墜落、滾落",2016-01-25,1,0
"995","新北市","營造業","有害物","與有害物等之接觸",2016-01-27,1,0
"996","高雄市","製造業","物件","物體飛落",2016-01-27,1,0
"997","屏東縣","製造業","有害物","與有害物等之接觸",2016-01-28,1,2
"998","苗栗縣","製造業","傳動軸","被夾、被捲",2016-01-30,1,0
"999","台中市","製造業","有害物","爆炸",2016-02-01,1,1
"1000","高雄市","製造業","堆高機","物體倒塌、崩塌",2016-02-02,1,0
"1001","台南市","營造業","動力鏟類設備","被撞",2016-02-04,1,0
"1002","高雄市","製造業","易燃液體","爆炸",2016-02-05,1,0
"1003","屏東縣","不動產業","施工架","墜落、滾落",2016-02-06,1,0
"1004","桃園市","支援服務業","起重機","墜落、滾落",2016-02-16,1,0
"1005","桃園市","製造業","其他(袋裝塑膠粒)","物體倒塌、崩塌",2016-02-18,1,0
"1006","高雄市","製造業","H型鋼梁","物體飛落",2016-02-19,1,0
"1007","花蓮縣","營造業","施工架","墜落、滾落",2016-02-22,1,0
"1008","台南市","營造業","屋頂、屋架、樑","墜落、滾落",2016-02-23,1,0
"1009","雲林縣","用水供應及污染整治業","卡車","被夾、被捲",2016-02-23,1,0
"1010","高雄市","製造業","已包裝貨物","物體飛落",2016-02-24,1,0
"1011","屏東縣","營造業","開口部分","墜落、滾落",2016-02-24,1,0
"1012","基隆市","教育服務業","其他(鐵捲門)","被夾、被捲",2016-02-25,1,0
"1013","台中市","營造業","營建物","墜落、滾落",2016-02-25,0,3
"1014","高雄市","電力及燃氣供應業","電桿變壓器","感電",2016-02-26,1,0
"1015","桃園市","製造業","輸送帶","被夾、被捲",2016-02-26,1,0
"1016","台中市","營造業","模板支撐","物體倒塌、崩塌",2016-02-29,0,5
"1017","新北市","營造業","開口部分","墜落、滾落",2016-03-02,1,0
"1018","新北市","其他服務業","平台","墜落、滾落",2016-03-04,1,0
"1019","雲林縣","不動產業","屋頂、屋架、樑","墜落、滾落",2016-03-04,1,0
"1020","台中市","製造業","其他","其他",2016-03-07,1,0
"1021","金門縣","營造業","施工架","墜落、滾落",2016-03-07,1,0
"1022","新竹縣","製造業","其他","墜落、滾落",2016-03-07,1,0
"1023","新北市","營造業","開口部分","墜落、滾落",2016-03-08,1,0
"1024","宜蘭縣","製造業","卡車","被撞",2016-03-08,1,0
"1025","南投縣","製造業","屋頂、屋架、樑","墜落、滾落",2016-03-08,1,0
"1026","南投縣","製造業","水","溺斃",2016-03-13,1,0
"1027","台中市","營造業","屋頂、屋架、樑","墜落、滾落",2016-03-14,1,0
"1028","新竹縣","製造業","連軸器","與高溫、低溫之接觸",2016-03-15,0,3
"1029","新北市","製造業","其他","被夾、被捲",2016-03-16,1,0
"1030","新北市","營造業","梯子等","墜落、滾落",2016-03-20,1,0
"1031","桃園市","營造業","移動式起重機","物體飛落",2016-03-21,1,0
"1032","桃園市","醫療保健及社會工作服務業","車輛","其他",2016-03-22,1,0
"1033","高雄市","營造業","營建物","墜落、滾落",2016-03-22,1,0
"1034","雲林縣","製造業","輸送帶","被夾、被捲",2016-03-23,1,0
"1035","桃園市","用水供應及污染整治業","土砂岩石","物體倒塌、崩塌",2016-03-24,1,0
"1036","新北市","營造業","貨車","墜落、滾落",2016-03-25,1,0
"1037","桃園市","製造業","其他","火災",2016-03-27,0,3
"1038","苗栗縣","營造業","梯子等","墜落、滾落",2016-03-28,1,0
"1039","台中市","運輸及倉儲業","移動式起重機","墜落、滾落",2016-03-30,1,0
"1040","台北市","營造業","開口部分","墜落、滾落",2016-04-01,1,0
"1041","彰化縣","營造業","屋頂、屋架、樑","墜落、滾落",2016-04-02,1,0
"1042","彰化縣","營造業","開口","墜落、滾落",2016-04-02,1,0
"1043","雲林縣","營造業","金屬材料","物體飛落",2016-04-03,1,0
"1044","基隆市","營造業","開口部分","墜落、滾落",2016-04-04,1,0
"1045","高雄市","製造業","鋼捲","被夾、被捲",2016-04-04,1,0
"1046","桃園市","批發及零售業","支撐架","物體倒塌、崩塌",2016-04-06,1,0
"1047","桃園市","營造業","開口部分","墜落、滾落",2016-04-06,1,0
"1048","彰化縣","製造業","易燃液體","爆炸",2016-04-06,1,0
"1049","桃園市","製造業","採光罩","墜落、滾落",2016-04-07,1,0
"1050","台中市","營造業","施工架","墜落、滾落",2016-04-07,1,0
"1051","台中市","營造業","其他電器設備","感電",2016-04-07,1,0
"1052","高雄市","製造業","進料螺桿","被夾、被捲",2016-04-10,1,0
"1053","高雄市","製造業","堆高機","被撞",2016-04-11,1,0
"1054","台中市","營造業","施工架","墜落、滾落",2016-04-13,1,0
"1055","台南市","營造業","屋頂、屋架樑","墜落、滾落",2016-04-13,1,0
"1056","嘉義縣","製造業","已包裝貨物","物體倒塌、崩塌",2016-04-14,1,0
"1057","新北市","營造業","其他(捲揚機)","物體飛落",2016-04-16,1,0
"1058","台中市","營造業","水","溺斃",2016-04-18,1,0
"1059","新北市","製造業","梯子等","墜落、滾落",2016-04-18,1,0
"1060","高雄市","營造業","屋頂、屋架、樑","墜落、滾落",2016-04-18,1,0
"1061","台中市","製造業","粉碎機","被夾、被捲",2016-04-19,1,0
"1062","新竹縣","製造業","梯子等","墜落、滾落",2016-04-20,1,0
"1063","桃園市","營造業","合梯","墜落、滾落",2016-04-20,1,0
"1064","南投縣","營造業","梯子等","墜落、滾落",2016-04-20,1,0
"1065","雲林縣","製造業","動力鏟類設備","被夾、被捲",2016-04-21,1,0
"1066","桃園市","製造業","上板架","物體飛落",2016-04-25,1,0
"1067","台北市","營造業","施工架","墜落、滾落",2016-04-25,1,0
"1068","宜蘭縣","其他服務業","堆高機","被撞",2016-04-26,1,0
"1069","桃園市","製造業","混合及粉碎機","被夾、被捲",2016-04-27,1,0
"1070","桃園市","營造業","營建物","物體倒塌、崩塌",2016-04-27,1,0
"1071","雲林縣","營造業","a字梯","墜落、滾落",2016-04-28,1,0
"1072","台中市","營造業","其他(混泥土泵送車延伸臂)","物體飛落",2016-04-28,1,0
"1073","桃園市","批發及零售業","起重機活塞","物體飛落",2016-04-28,1,0
"1074","新北市","營造業","木材、竹材","物體飛落",2016-04-29,1,0
"1075","台北市","支援服務業","無","跌倒",2016-05-03,1,0
"1076","南投縣","營造業","其他(高空工作車)","墜落、滾落",2016-05-03,1,0
"1077","雲林縣","營造業","開口部分","墜落、滾落",2016-05-04,1,0
"1078","中科","營造業","開口部分","墜落、滾落",2016-05-04,1,0
"1079","台中市","營造業","開口部分","墜落、滾落",2016-05-04,1,0
"1080","新北市","營造業","輸配電線路","感電",2016-05-04,1,0
"1081","桃園市","營造業","開口部分","墜落、滾落",2016-05-06,1,0
"1082","金門縣","營造業","工作台","溺斃",2016-05-06,1,0
"1083","花蓮縣","營造業","輸配電線路","感電",2016-05-07,1,0
"1084","台南市","製造業","升降機","墜落、滾落",2016-05-09,1,0
"1085","新北市","批發及零售業","合梯","墜落、滾落",2016-05-11,1,0
"1086","台中市","營造業","屋頂、屋架、樑","墜落、滾落",2016-05-12,1,0
"1087","彰化縣","營造業","屋頂","墜落、滾落",2016-05-12,1,0
"1088","苗栗縣","專業、科學及技術服務業","輸配電線路","感電",2016-05-12,1,0
"1089","台南市","營造業","施工架","墜落、滾落",2016-05-12,1,0
"1090","南投縣","製造業","其他設備","墜落、滾落",2016-05-13,1,0
"1091","嘉義縣","營造業","施工架","墜落、滾落",2016-05-14,1,0
"1092","花蓮縣","營造業","開口部分","墜落、滾落",2016-05-17,1,0
"1093","台南市","營造業","支撐架","物體倒塌、崩塌",2016-05-17,1,0
"1094","台中市","營造業","屋頂、屋架、樑","墜落、滾落",2016-05-19,1,0
"1095","台南市","農、林、漁、牧業","輸送帶","物體倒塌、崩塌",2016-05-20,1,0
"1096","桃園市","營造業","施工架","墜落、滾落",2016-05-22,1,0
"1097","高雄市","營造業","營建物","物體倒塌、崩塌",2016-05-22,1,0
"1098","彰化縣","營造業","起重機","墜落、滾落",2016-05-24,1,0
"1099","苗栗縣","製造業","其他","感電",2016-05-24,1,0
"1100","桃園市","營造業","工作台","墜落、滾落",2016-05-26,1,0
"1101","桃園市","營造業","移動式起重機","物體飛落",2016-05-27,1,0
"1102","高雄市","電力及燃氣供應業","施工架","物體倒塌、崩塌",2016-05-29,2,5
"1103","新北市","營造業","屋頂、屋架、樑","墜落、滾落",2016-05-30,1,0
"1104","新北市","批發及零售業","機臺","物體飛落",2016-05-31,1,0
"1105","新竹縣","營造業","施工架","墜落、滾落",2016-05-31,1,0
"1106","新北市","營造業","開口部分","墜落、滾落",2016-06-03,1,0
"1107","新北市","營造業","營建物","墜落、滾落",2016-06-09,1,0
"1108","桃園市","營造業","營建物","墜落、滾落",2016-06-10,1,0
"1109","苗栗縣","營造業","開口部分","墜落、滾落",2016-06-11,1,0
"1110","台南市","製造業","其他設備(夾具機)","物體倒塌、崩塌",2016-06-14,1,0
"1111","高雄市","不動產業","水","溺斃",2016-06-16,1,0
"1112","新竹縣","營造業","屋頂、屋架、樑","墜落、滾落",2016-06-18,1,0
"1113","高雄市","營造業","屋頂、屋架、樑","墜落、滾落",2016-06-18,1,0
"1114","新北市","營造業","營建物","物體倒塌、崩塌",2016-06-19,1,0
"1115","新竹市","支援服務業","梯子等","墜落、滾落",2016-06-19,1,0
"1116","新北市","製造業","其他","感電",2016-06-20,1,0
"1117","彰化縣","製造業","走道開口","墜落、滾落",2016-06-21,1,0
"1118","苗栗縣","營造業","水","溺斃",2016-06-23,1,0
"1119","新北市","營造業","動力鏟類設備(怪手)","被撞",2016-06-24,1,0
"1120","新北市","營造業","升降機、提升機","物體飛落",2016-06-24,1,0
"1121","桃園市","營造業","輸配電線路","感電",2016-06-25,1,0
"1122","苗栗縣","製造業","破碎機","物體倒塌、崩塌",2016-06-25,1,0
"1123","桃園市","其他服務業","樹枝","與高溫、低溫之接觸",2016-06-26,0,3
"1124","高雄市","製造業","堆高機","物體倒塌、崩塌",2016-06-28,1,0
"1125","金門縣","製造業","營建物","物體飛落",2016-06-28,1,0
"1126","桃園市","製造業","一般動力機械(集棉機)","被夾、被捲",2016-06-29,1,0
"1127","台北市","營造業","其他(摩托車)","公路交通事故",2016-06-29,1,0
"1128","台北市","資訊及通訊傳播業","輸配電線路","感電",2016-06-30,1,0
"1129","高雄市","資訊及通訊傳播業","特殊環境等","與有害物等之接觸",2016-06-30,1,0
"1130","新北市","電力及燃氣供應業","鏟裝機","被撞",2016-07-01,1,0
"1131","高雄市","營造業","輸配電線路","感電",2016-07-02,1,0
"1132","桃園市","製造業","其他裝卸搬運機械","被夾、被捲",2016-07-02,1,0
"1133","新北市","用水供應及污染整治業","土砂岩石","物體倒塌、崩塌",2016-07-05,1,0
"1134","桃園市","製造業","開口部分","墜落、滾落",2016-07-06,1,0
"1135","桃園市","製造業","已包裝貨物(鋼管)","物體飛落",2016-07-06,1,0
"1136","新竹市","營造業","營建物","墜落、滾落",2016-07-07,1,0
"1137","苗栗縣","製造業","其他(十字旋轉盤)","被夾、被捲",2016-07-10,1,0
"1138","高雄市","製造業","金屬材料","物體倒塌、崩塌",2016-07-11,1,0
"1139","新竹市","製造業","開口部分","墜落、滾落",2016-07-11,1,0
"1140","經加處","營造業","支撐架","墜落、滾落",2016-07-11,1,0
"1141","南科","製造業","工作車","墜落、滾落",2016-07-13,1,0
"1142","新北市","電力及燃氣供應業","金屬材料","物體飛落",2016-07-13,1,0
"1143","屏東縣","電力及燃氣供應業","水","溺斃",2016-07-15,1,0
"1144","桃園市","製造業","玻璃材料","無法歸類者",2016-07-18,1,0
"1145","台中市","營造業","施工架","墜落、滾落",2016-07-18,1,0
"1146","新北市","支援服務業","營建物","物體倒塌、崩塌",2016-07-18,1,0
"1147","桃園市","製造業","碼頭","墜落、滾落",2016-07-19,1,0
"1148","花蓮縣","營造業","梯子等","墜落、滾落",2016-07-19,1,0
"1149","高雄市","運輸及倉儲業","其他","感電",2016-07-19,1,0
"1150","彰化縣","製造業","電線","感電",2016-07-20,1,0
"1151","高雄市","製造業","儲槽走道","被夾、被捲",2016-07-20,1,0
"1152","台南市","製造業","金屬材料","物體飛落",2016-07-20,1,0
"1153","苗栗縣","專業、科學及技術服務業","待查","墜落、滾落",2016-07-20,1,0
"1154","新北市","營造業","輸配電線路","感電",2016-07-20,1,0
"1155","高雄市","專業、科學及技術服務業","營建物","感電",2016-07-21,1,0
"1156","台南市","製造業","採光板","墜落、滾落",2016-07-22,1,0
"1157","高雄市","營造業","營建物","墜落、滾落",2016-07-25,1,0
"1158","台南市","農、林、漁、牧業","屋頂、屋架、樑","墜落、滾落",2016-07-25,1,0
"1159","新北市","營造業","其他設備","感電",2016-07-26,1,0
"1160","新竹縣","運輸及倉儲業","堆高機","被撞",2016-07-29,1,0
"1161","台南市","營造業","開口
部分","墜落、滾落",2016-07-29,1,0
"1162","彰化縣","營造業","開口部分","墜落、滾落",2016-07-29,1,0
"1163","高雄市","批發及零售業","屋頂、屋架、樑","墜落、滾落",2016-07-30,1,0
"1164","台中市","用水供應及污染整治業","其他媒介物(鋁板)","物體倒塌、崩塌",2016-07-30,1,0
"1165","台中市","營造業","金屬材料","物體飛落",2016-08-01,1,0
"1166","新北市","製造業","金屬材料","物體倒塌、崩塌",2016-08-01,1,0
"1167","雲林縣","營造業","屋頂","墜落、滾落",2016-08-01,1,0
"1168","高雄市","其他服務業","其他","物體倒塌、崩塌",2016-08-01,1,0
"1169","新北市","藝術、娛樂及休閒服務業","其他","溺斃",2016-08-02,1,0
"1170","竹科","製造業","貨物","物體倒塌、崩塌",2016-08-03,1,1
"1171","台東縣","公共行政及國防；強制性社會安全","金屬材料","墜落、滾落",2016-08-03,0,3
"1172","桃園市","支援服務業","其他(高壓清洗機)","感電",2016-08-03,1,0
"1173","台中市","製造業","固定式起重機","墜落、滾落",2016-08-05,1,0
"1174","高雄市","運輸及倉儲業","其他(載貨台)","墜落、滾落",2016-08-08,1,0
"1175","台中市","製造業","機台","火災",2016-08-09,1,1
"1176","新竹縣","製造業","鍋爐","爆炸",2016-08-10,0,4
"1177","苗栗縣","營造業","未包裝貨物","物體飛落",2016-08-12,2,1
"1178","苗栗縣","批發及零售業","輸配電線路","感電",2016-08-12,1,0
"1179","台中市","製造業","開口部分","墜落、滾落",2016-08-13,1,0
"1180","新北市","製造業","其他","物體破裂",2016-08-13,1,0
"1181","桃園市","營造業","開口部分","墜落、滾落",2016-08-14,1,0
"1182","南投縣","營造業","土砂岩石","物體飛落",2016-08-15,1,0
"1183","台北市","製造業","營建物","墜落、滾落",2016-08-16,1,0
"1184","桃園市","營造業","土砂、岩石","物體倒塌、崩塌",2016-08-16,1,0
"1185","雲林縣","製造業","挖土機","被撞",2016-08-18,1,0
"1186","台中市","製造業","升降機","衝撞",2016-08-19,1,0
"1187","台中市","支援服務業","輸配電線路","墜落、滾落",2016-08-20,1,0
"1188","雲林縣","批發及零售業","已包裝貨物(飲料)","墜落、滾落",2016-08-22,1,0
"1189","新竹縣","營造業","輸配電線路","感電",2016-08-22,1,1
"1190","桃園市","營造業","開口部分","墜落、滾落",2016-08-22,1,0
"1191","桃園市","營造業","開口部分","墜落、滾落",2016-08-22,1,0
"1192","高雄市","營造業","工作臺","墜落、滾落",2016-08-23,1,0
"1193","高雄市","支援服務業","動力鏟類設備","被夾、被捲",2016-08-24,1,0
"1194","台北市","用水供應及污染整治業","其他","溺斃",2016-08-25,1,0
"1195","新竹市","營造業","開口部分","墜落、滾落",2016-08-26,1,0
"1196","台中市","電力及燃氣供應業","金屬材料","物體倒塌、崩塌",2016-08-27,1,0
"1197","台南市","製造業","開口處","墜落、滾落",2016-08-29,1,0
"1198","台中市","其他服務業","輸配電線路","感電",2016-08-30,1,0
"1199","桃園市","營造業","開口部分","墜落、滾落",2016-09-01,1,0
"1200","桃園市","專業、科學及技術服務業","施工架","墜落、滾落",2016-09-02,1,0
"1201","台南市","營造業","營建物","墜落、滾落",2016-09-02,1,0
"1202","花蓮縣","營造業","其他","其他交通事故",2016-09-03,1,0
"1203","新北市","營造業","開口部分","墜落、滾落",2016-09-04,1,0
"1204","彰化縣","製造業","衝床","墜落、滾落",2016-09-05,1,0
"1205","新竹縣","農、林、漁、牧業","立木","物體倒塌、崩塌",2016-09-06,1,0
"1206","高雄市","批發及零售業","未包裝貨物(結晶石板)空工作車","物體倒塌、崩塌",2016-09-06,1,0
"1207","新北市","支援服務業","開口","墜落、滾落",2016-09-08,1,0
"1208","台中市","製造業","輸配電線路","感電",2016-09-09,1,0
"1209","屏東縣","營造業","樓梯","墜落、滾落",2016-09-09,1,0
"1210","高雄市","營造業","土石、岩石","物體倒塌、崩塌",2016-09-10,1,0
"1211","台中市","製造業","電力設備","感電",2016-09-12,1,1
"1212","台中市","專業、科學及技術服務業","開口部分","墜落、滾落",2016-09-18,1,0
"1213","台北市","營造業","屋頂","墜落、滾落",2016-09-21,1,0
"1214","台南市","營造業","屋頂、屋架、樑","墜落、滾落",2016-09-22,1,0
"1215","台東縣","營造業","其他","感電",2016-09-22,1,0
"1216","台中市","製造業","其他(合成樹脂壓縮版(康貝特版)Phenolic Compact Laminate)","被夾、被捲",2016-09-22,1,0
"1217","台東縣","電力及燃氣供應業","其他/高空作業車","墜落、滾落",2016-09-23,1,0
"1218","彰化縣","製造業","屋頂","墜落、滾落",2016-09-23,1,0
"1219","新北市","營造業","屋頂、屋架、樑","墜落、滾落",2016-09-23,1,0
"1220","新北市","營造業","其他","其他交通事故",2016-09-27,1,0
"1221","苗栗縣","製造業","屋頂、屋架、樑","墜落、滾落",2016-09-29,1,0
"1222","新北市","營造業","屋頂、屋架、樑","墜落、滾落",2016-09-30,1,0
"1223","新北市","營造業","其他","墜落、滾落",2016-09-30,1,0
"1224","連江縣","營造業","施工架","墜落、滾落",2016-09-30,1,0
"1225","宜蘭縣","營造業","手工具(自攻機)","感電",2016-10-02,1,0
"1226","台中市","製造業","屋頂、屋架、樑","墜落、滾落",2016-10-03,1,0
"1227","台南市","製造業","開口部分","墜落、滾落",2016-10-04,1,0
"1228","台南市","製造業","屋頂、屋架、樑","墜落、滾落",2016-10-05,1,0
"1229","高雄市","運輸及倉儲業","堆高機","被撞",2016-10-06,1,0
"1230","新竹縣","製造業","屋頂","墜落、滾落",2016-10-08,1,0
"1231","南科","專業、科學及技術服務業","事業內軌道裝置","被夾、被捲",2016-10-10,1,0
"1232","竹科","專業、科學及技術服務業","其他","感電",2016-10-11,1,0
"1233","苗栗縣","運輸及倉儲業","其他(曳引車附掛拖車)","墜落、滾落",2016-10-11,1,0
"1234","中科","電力及燃氣供應業","其他","被夾、被捲",2016-10-13,1,0
"1235","桃園市","支援服務業","不能分類","無法歸類者",2016-10-17,1,0
"1236","雲林縣","製造業","堆高機","墜落、滾落",2016-10-18,0,3
"1237","台北市","營造業","屋頂、屋架、樑","墜落、滾落",2016-10-18,1,0
"1238","新北市","營造業","開口部分","墜落、滾落",2016-10-21,1,0
"1239","台南市","製造業","屋頂、屋架、樑","墜落、滾落",2016-10-22,1,0
"1240","彰化縣","營造業","屋頂、屋架、樑","墜落、滾落",2016-10-24,1,0
"1241","台南市","不動產業","施工架","墜落、滾落",2016-10-24,1,0
"1242","台中市","製造業","開口部分","墜落、滾落",2016-10-24,1,0
"1243","新竹縣","農、林、漁、牧業","立木","墜落、滾落",2016-10-25,1,0
"1244","台中市","製造業","開口部分","墜落、滾落",2016-10-24,1,0
"1245","台北市","營造業","梯子等","墜落、滾落",2016-10-26,1,0
"1246","新竹縣","支援服務業","移動梯","墜落、滾落",2016-10-27,1,0
"1247","新北市","營造業","屋頂、屋架、樑","墜落、滾落",2016-10-27,1,0
"1248","雲林縣","其他服務業","合梯","墜落、滾落",2016-10-31,1,0
"1249","屏東縣","營造業","屋頂、屋架、樑","墜落、滾落",2016-11-04,1,0
"1250","新北市","營造業","未包裝貨物","物體飛落",2016-11-05,1,0
"1251","桃園市","營造業","施工架","墜落、滾落",2016-11-07,1,0
"1252","高雄市","營造業","營建物","物體倒塌、崩塌",2016-11-09,1,0
"1253","南投縣","營造業","施工架","墜落、滾落",2016-11-09,1,0
"1254","經加處","營造業","施工架","墜落、滾落",2016-11-11,1,0
"1255","高雄市","營造業","屋頂、屋架、樑","墜落、滾落",2016-11-11,1,0
"1256","宜蘭縣","製造業","屋頂","墜落、滾落",2016-11-11,1,0
"1257","南投縣","專業、科學及技術服務業","蜂","與有害物等之接觸",2016-11-12,1,0
"1258","桃園市","營造業","有害物","與有害物等之接觸",2016-11-17,1,3
"1259","台中市","營造業","石頭、砂、小石子","物體飛落",2016-11-17,1,0
"1260","苗栗縣","製造業","待查","墜落、滾落",2016-11-17,1,0
"1261","花蓮縣","營造業","開口部分","墜落、滾落",2016-11-18,1,0
"1262","新北市","批發及零售業","木材","物體飛落",2016-11-19,1,0
"1263","高雄市","製造業","電力設備","感電",2016-11-21,1,0
"1264","桃園市","營造業","動力鏟類設備","物體飛落",2016-11-21,1,0
"1265","彰化縣","製造業","施工架","墜落、滾落",2016-11-22,1,2
"1266","桃園市","營造業","開口部分","墜落、滾落",2016-11-24,1,0
"1267","彰化縣","營造業","工作台踏板","墜落、滾落",2016-11-24,1,0
"1268","新北市","營造業","開口部分","墜落、滾落",2016-11-28,1,0
"1269","台南市","公共行政及國防；強制性社會安全","水","溺斃",2016-11-30,1,0
"1270","高雄市","製造業","金屬材料","物體倒塌、崩塌",2016-11-30,1,0
"1271","台南市","營造業","屋頂、屋架樑","墜落、滾落",2016-11-30,1,0
"1272","嘉義縣","製造業","屋頂","墜落、滾落",2016-12-02,1,0
"1273","新北市","製造業","未包裝貨物","物體倒塌、崩塌",2016-12-05,1,0
"1274","竹科","營造業","土砂、岩石","物體倒塌、崩塌",2016-12-05,1,0
"1275","新北市","營造業","屋頂","墜落、滾落",2016-12-06,1,0
"1276","台南市","營造業","屋頂","墜落、滾落",2016-12-07,1,0
"1277","新北市","運輸及倉儲業","開口部分","墜落、滾落",2016-12-08,1,0
"1278","高雄市","營造業","屋頂","墜落、滾落",2016-12-08,1,0
"1279","台中市","製造業","動力鏟類設備(抓料機)","墜落、滾落",2016-12-09,1,0
"1280","桃園市","營造業","汽車","墜落、滾落",2016-12-11,1,0
"1281","桃園市","資訊及通訊傳播業","屋架(雨遮)","墜落、滾落",2016-12-12,1,0
"1282","台中市","運輸及倉儲業","待查","物體倒塌、崩塌",2016-12-15,1,0
"1283","苗栗縣","營造業","施工架","墜落、滾落",2016-12-16,1,0
"1284","新北市","製造業","屋頂","墜落、滾落",2016-12-18,1,0
"1285","台北市","批發及零售業","升降機","被夾、被捲",2016-12-20,1,0
"1286","新竹縣","專業、科學及技術服務業","汽車","其他交通事故",2016-12-20,1,0
"1287","桃園市","營造業","營建物","物體倒塌、崩塌",2016-12-21,5,0
"1288","台中市","製造業","其他(吹管機)","被撞",2016-12-22,1,0
"1289","雲林縣","營造業","屋頂、屋架、樑","墜落、滾落",2016-12-26,1,0
"1290","屏東縣","公共行政及國防；強制性社會安全","屋頂","墜落、滾落",2016-12-28,1,0
"1291","新北市","專業、科學及技術服務業","土砂、石","物體倒塌、崩塌",2016-12-28,1,0
"1292","新竹市","營造業","施工架","墜落、滾落",2016-12-28,1,0
"1293","新竹市","公共行政及國防；強制性社會安全","水肥車","被撞",2016-12-29,1,0
"1294","新竹市","批發及零售業","工作台","墜落、滾落",2016-12-29,1,0
"1295","宜蘭縣","製造業","有害物","與有害物等之接觸",2016-12-31,2,6
"1296","嘉義縣","營造業","工作台、踏板","溺斃",2016-12-31,1,0
"1297","台中市","營造業","樑","墜落、滾落",2014-01-03,1,0
"1298","台中市","營造業","施工架","墜落、滾落",2014-01-04,1,0
"1299","桃園縣","營造業","施工架","墜落、滾落",2014-01-04,1,0
"1300","台南市","製造業","通路","跌倒",2014-01-07,1,0
"1301","嘉義縣","製造業","其他","被夾、被捲",2014-01-08,1,0
"1302","桃園縣","批發及零售業","其他(營建機械)","墜落、滾落",2014-01-08,1,0
"1303","新北市","營造業","開口部分","墜落、滾落",2014-01-09,1,0
"1304","嘉義縣","製造業","引火性物質(苯磺酸)","火災",2014-01-10,1,1
"1305","高雄市","營造業","屋頂、屋架、樑","墜落、滾落",2014-01-10,1,0
"1306","新北市","營造業","梯子等(合梯)","墜落、滾落",2014-01-11,1,0
"1307","嘉義縣","營造業","工作台、踏板","墜落、滾落",2014-01-12,1,0
"1308","桃園縣","製造業","工作台、踏板 (移動式升降平台)","物體倒塌、崩塌",2014-01-14,1,0
"1309","台中市","製造業","屋頂、屋架、樑","墜落、滾落",2014-01-15,1,0
"1310","新北市","營造業","動力鏟類設備","被撞",2014-01-15,1,0
"1311","新竹縣","營造業","施工架","墜落、滾落",2014-01-16,1,0
"1312","宜蘭縣","營造業","施工架","墜落、滾落",2014-01-16,1,0
"1313","屏東縣","製造業","混合機及粉碎機","被夾、被捲",2014-01-16,1,0
"1314","高雄市","營造業","屋頂、屋架、樑","墜落、滾落",2014-01-17,1,0
"1315","台中市","營造業","施工架","墜落、滾落",2014-01-18,1,0
"1316","雲林縣","營造業","開口部分","墜落、滾落",2014-01-19,1,0
"1317","台中市","製造業","屋頂、屋架、樑","墜落、滾落",2014-01-21,1,0
"1318","新竹市","支援服務業","開口部分","墜落、滾落",2014-01-24,1,0
"1319","台中市","製造業","卡車 (砂石車)","被撞",2014-01-24,1,0
"1320","桃園縣","營造業","開口部分","墜落、滾落",2014-01-25,1,0
"1321","雲林縣","製造業","有害物","與有害物等之接觸",2014-01-26,1,0
"1322","高雄市","營造業","營建物","墜落、滾落",2014-01-26,1,0
"1323","彰化縣","營造業","屋頂、屋架、樑","墜落、滾落",2014-01-26,1,0
"1324","高雄市","製造業","開口部分","墜落、滾落",2014-01-27,1,0
"1325","宜蘭縣","製造業","金屬材料","跌倒",2014-01-27,1,0
"1326","桃園縣","製造業","有害物(氰化氫)","與有害物等之接觸",2014-01-28,1,0
"1327","高雄市","營造業","金屬材料","物體飛落",2014-01-29,1,0
"1328","宜蘭縣","農林漁牧業","其他","與有害物等之接觸",2014-02-02,1,8
"1329","台中市","運輸及倉儲業","工作台、踏板","墜落、滾落",2014-02-06,1,0
"1330","桃園縣","營造業","動力鏟類設備","被夾、被捲",2014-02-07,1,0
"1331","高雄市","營造業","屋頂、屋架、樑","墜落、滾落",2014-02-11,1,0
"1332","高雄市","營造業","屋頂、屋架、樑","墜落、滾落",2014-02-12,1,0
"1333","台北市","營造業","移動式起重機","墜落、滾落",2014-02-13,1,0
"1334","嘉義市","批發及零售業","營建物","墜落、滾落",2014-02-20,1,0
"1335","高雄市","製造業","工作台、踏板","墜落、滾落",2014-02-21,1,0
"1336","桃園縣","營造業","移動式起重機","墜落、滾落",2014-02-22,1,0
"1337","新北市","批發及零售業","卡車","被夾、被捲",2014-02-24,1,0
"1338","台北市","營造業","施工架","墜落、滾落",2014-02-25,1,0
"1339","彰化縣","營造業","施工架","墜落、滾落",2014-02-25,1,0
"1340","嘉義市","營造業","梯子","墜落、滾落",2014-02-26,1,0
"1341","高雄市","製造業","高空工作車","墜落、滾落",2014-02-27,1,0
"1342","嘉義縣","製造業","升降機","墜落、滾落",2014-03-01,1,0
"1343","新北市","運輸及倉儲業","其他","感電",2014-03-02,1,0
"1344","新北市","製造業","傳動軸","被夾、被捲",2014-03-03,1,0
"1345","新北市","營造業","施工架","墜落、滾落",2014-03-03,1,0
"1346","高雄市","運輸及倉儲業","其他(貨物)","物體倒塌、崩塌",2014-03-03,1,0
"1347","桃園縣","營造業","開口部分","墜落、滾落",2014-03-04,1,0
"1348","宜蘭縣","營造業","開口部分","墜落、滾落",2014-03-06,1,0
"1349","屏東縣","住宿及餐飲業","其他(電動錘)","感電",2014-03-08,1,0
"1350","台北市","營造業","開口部分","溺斃",2014-03-10,1,0
"1351","台南市","營造業","屋頂、屋架、樑","墜落、滾落",2014-03-14,1,0
"1352","新北市","營造業","開口部分","墜落、滾落",2014-03-15,1,0
"1353","新北市","營造業","金屬材料","物體飛落",2014-03-15,1,0
"1354","高雄市","營造業","屋頂、屋架、樑","墜落、滾落",2014-03-16,1,0
"1355","雲林縣","製造業","輸送帶","被夾、被捲",2014-03-17,1,0
"1356","桃園縣","營造業","屋頂、屋架、樑","墜落、滾落",2014-03-17,1,0
"1357","台中市","製造業","其他設備(爐、窯等)","與高溫、低溫之接觸",2014-03-19,1,0
"1358","基隆市","營造業","合梯","墜落、滾落",2014-03-19,1,0
"1359","嘉義市","營造業","施工架","墜落、滾落",2014-03-19,1,0
"1360","苗栗縣","營造業","支撐架","物體倒塌、崩塌",2014-03-22,1,2
"1361","彰化縣","營造業","其他","物體飛落",2014-03-24,1,0
"1362","新北市","資訊及通訊傳播業","屋頂","墜落、滾落",2014-03-24,1,0
"1363","新北市","營造業","其他(混凝土塊)","物體飛落",2014-03-25,1,0
"1364","台中市","營造業","手工具","被刺、割、擦傷",2014-03-25,1,0
"1365","台北市","電力及燃氣供應業","可燃性氣體","爆炸",2014-03-26,1,3
"1366","新北市","營造業","支撐架","墜落、滾落",2014-03-27,1,0
"1367","台南市","營造業","開口部分","墜落、滾落",2014-03-29,1,0
"1368","高雄市","批發及零售業","屋頂、屋架、樑","墜落、滾落",2014-03-29,1,0
"1369","宜蘭縣","農林漁牧業","水","溺斃",2014-03-30,1,0
"1370","高雄市","製造業","堆高機","被撞",2014-03-30,1,0
"1371","台中市","用水供應及污染整治業","輸送帶","被夾、被捲",2014-03-31,1,0
"1372","彰化縣","製造業","其他","物體飛落",2014-04-01,1,0
"1373","雲林縣","製造業","開口部分","墜落、滾落",2014-04-02,1,0
"1374","南投縣","營造業","汽車","其他交通事故",2014-04-02,1,0
"1375","嘉義市","批發及零售業","金屬材料","物體倒塌、崩塌",2014-04-03,1,0
"1376","宜蘭縣","運輸及倉儲業","火車","被撞",2014-04-04,1,0
"1377","桃園縣","營造業","通路","跌倒",2014-04-04,1,0
"1378","苗栗縣","運輸及倉儲業","金屬材料","被撞",2014-04-06,1,0
"1379","高雄市","營造業","屋頂","墜落、滾落",2014-04-08,1,0
"1380","台中市","電力及燃氣供應業","營建物(電線桿)","墜落、滾落",2014-04-09,1,0
"1381","苗栗縣","製造業","其他","與高溫、低溫之接觸",2014-04-09,2,2
"1382","桃園縣","不動產業","開口部分","墜落、滾落",2014-04-09,1,0
"1383","屏東縣","農林漁牧業","其他(汽車)","感電",2014-04-10,1,0
"1384","桃園縣","資訊及通訊傳播業","其他(電桿)","墜落、滾落",2014-04-11,1,0
"1385","竹科","批發及零售業","開口部分","墜落、滾落",2014-04-14,1,0
"1386","台北市","營造業","合梯","墜落、滾落",2014-04-15,1,0
"1387","彰化縣","營造業","移動式起重機","被撞",2014-04-15,1,0
"1388","高雄市","營造業","屋頂、屋架、樑","墜落、滾落",2014-04-16,1,0
"1389","台東縣","營造業","營建物","墜落、滾落",2014-04-17,1,0
"1390","桃園縣","製造業","金屬材料(模具)","物體飛落",2014-04-18,1,0
"1391","雲林縣","用水供應及污染整治業","有害物","與有害物等之接觸",2014-04-19,1,0
"1392","台中市","專業、科學及技術服務業","開口部分","墜落、滾落",2014-04-20,1,0
"1393","花蓮縣","支援服務業","屋頂、屋架、樑","墜落、滾落",2014-04-21,1,0
"1394","彰化縣","製造業","工作台、踏板","墜落、滾落",2014-04-21,1,0
"1395","桃園縣","製造業","其他一般動力機械(CNC銑床)","被夾、被捲",2014-04-21,1,0
"1396","桃園縣","製造業","金屬材料","物體飛落",2014-04-22,1,0
"1397","台中市","運輸及倉儲業","堆高機","被撞",2014-04-23,1,0
"1398","屏東縣","製造業","金屬材料","物體倒塌、崩塌",2014-04-27,1,0
"1399","嘉義縣","製造業","屋頂","墜落、滾落",2014-04-28,1,0
"1400","高雄市","營造業","屋頂、屋架、樑","墜落、滾落",2014-04-28,1,0
"1401","台中市","營造業","營建物","墜落、滾落",2014-04-29,1,0
"1402","台北市","營造業","工作台、踏板","墜落、滾落",2014-05-01,1,0
"1403","嘉義縣","支援服務業","其他","墜落、滾落",2014-05-01,1,0
"1404","桃園縣","批發及零售業","開口部分","墜落、滾落",2014-05-02,1,0
"1405","屏東縣","礦業及土石採取業","其他動力搬運機械(曳引車)","被撞",2014-05-03,1,0
"1406","雲林縣","支援服務業","其他(電動大門)","被夾、被捲",2014-05-03,1,0
"1407","高雄市","製造業","開口部分","墜落、滾落",2014-05-05,1,0
"1408","新竹縣","營造業","動力鏟類設備","墜落、滾落",2014-05-10,1,0
"1409","台中市","營造業","施工架","墜落、滾落",2014-05-11,1,0
"1410","屏東縣","農林漁牧業","木材","物體飛落",2014-05-11,1,0
"1411","高雄市","製造業","有害物(丙烯?)","與有害物等之接觸",2014-05-12,1,0
"1412","彰化縣","製造業","動力機械","感電",2014-05-12,1,0
"1413","高雄市","營造業","有害物","與有害物等之接觸",2014-05-14,1,0
"1414","高雄市","營造業","營建物","墜落、滾落",2014-05-14,1,0
"1415","苗栗縣","製造業","開口部分","墜落、滾落",2014-05-15,1,0
"1416","基隆市","營造業","移動式起重機","物體倒塌、崩塌",2014-05-15,1,0
"1417","高雄市","營造業","開口部分","墜落、滾落",2014-05-17,1,0
"1418","高雄市","營造業","屋頂、屋架、樑","墜落、滾落",2014-05-18,1,0
"1419","花蓮縣","用水供應及污染整治業","其他(土方車)","被夾、被捲",2014-05-19,1,0
"1420","桃園縣","營造業","其他(破碎機)","感電",2014-05-19,1,0
"1421","新竹縣","公共行政及國防；強制性社會安全","卡車","被撞",2014-05-20,1,0
"1422","桃園縣","公共行政及國防；強制性社會安全","汽車","公路交通事故",2014-05-27,1,1
"1423","桃園縣","製造業","營建物","墜落、滾落",2014-05-28,1,0
"1424","桃園縣","支援服務業","卡車","墜落、滾落",2014-05-28,1,0
"1425","桃園縣","製造業","其他","感電",2014-05-29,1,0
"1426","花蓮縣","支援服務業","汽車","被撞",2014-05-31,1,0
"1427","台中市","製造業","其他(虎板)","物體飛落",2014-06-01,1,0
"1428","桃園縣","不動產業","開口部分","墜落、滾落",2014-06-01,1,0
"1429","桃園縣","製造業","屋頂、屋架、樑","墜落、滾落",2014-06-03,1,0
"1430","台中市","營造業","營建物","墜落、滾落",2014-06-04,1,0
"1431","台中市","營造業","營建物","物體倒塌、崩塌",2014-06-05,1,0
"1432","台南市","營造業","屋頂、屋架、樑","墜落、滾落",2014-06-05,1,0
"1433","基隆市","資訊及通訊傳播業","其他(電桿)","墜落、滾落",2014-06-06,1,0
"1434","桃園縣","製造業","屋頂","墜落、滾落",2014-06-07,1,0
"1435","屏東縣","製造業","電弧熔接","感電",2014-06-07,1,0
"1436","宜蘭縣","資訊及通訊傳播業","其他","感電",2014-06-09,1,0
"1437","苗栗縣","營造業","其他(排泥泵浦)","物體飛落",2014-06-10,1,0
"1438","南投縣","營造業","施工架","墜落、滾落",2014-06-10,1,0
"1439","台南市","營造業","屋頂、屋架、樑","墜落、滾落",2014-06-12,1,0
"1440","宜蘭縣","營造業","工作台","墜落、滾落",2014-06-13,1,0
"1441","台中市","營造業","開口部分","墜落、滾落",2014-06-15,1,0
"1442","台中市","營造業","有害物(硫化氫)","與有害物等之接觸",2014-06-16,1,1
"1443","高雄市","不動產業","開口部分","墜落、滾落",2014-06-17,1,0
"1444","桃園縣","製造業","其他","被夾、被捲",2014-06-17,1,0
"1445","宜蘭縣","營造業","屋頂、屋架、樑","墜落、滾落",2014-06-18,1,0
"1446","新北市","農林漁牧業","水","溺斃",2014-06-18,1,0
"1447","桃園縣","製造業","其他(機械設備)","被夾、被捲",2014-06-20,1,0
"1448","新竹縣","不動產業","梯子等","物體倒塌、崩塌",2014-06-21,1,0
"1449","台北市","營造業","施工架","墜落、滾落",2014-06-22,1,0
"1450","屏東縣","營造業","支撐架","墜落、滾落",2014-06-22,1,0
"1451","高雄市","製造業","金屬材料","被撞",2014-06-26,1,0
"1452","新北市","營造業","開口部分","墜落、滾落",2014-06-28,1,0
"1453","新竹縣","批發及零售業","火藥","爆炸",2014-06-28,1,2
"1454","桃園縣","農林漁牧業","水","溺斃",2014-06-28,1,0
"1455","新竹縣","營造業","開口部分","墜落、滾落",2014-07-01,1,0
"1456","桃園縣","營造業","開口部分","墜落、滾落",2014-07-01,1,0
"1457","台中市","營造業","營建物(鋼筋)","物體倒塌、崩塌",2014-07-01,1,0
"1458","新竹市","營造業","水","溺斃",2014-07-03,1,0
"1459","桃園縣","營造業","輸配電路線","感電",2014-07-04,1,0
"1460","新北市","運輸及倉儲業","其他(已包裝貨物)","被夾、被捲",2014-07-05,1,0
"1461","高雄市","製造業","堆高機","被撞",2014-07-05,1,0
"1462","經加處","營造業","輸配電線路","感電",2014-07-06,1,0
"1463","新北市","營造業","屋頂、屋架、樑","墜落、滾落",2014-07-06,1,0
"1464","台中市","運輸及倉儲業","火車","被撞",2014-07-07,2,0
"1465","台北市","營造業","營建物","墜落、滾落",2014-07-08,1,0
"1466","宜蘭縣","營造業","屋頂、屋架、樑","墜落、滾落",2014-07-08,1,0
"1467","桃園縣","用水供應及污染整治業","動力鏟類設備","被撞",2014-07-09,1,0
"1468","苗栗縣","營造業","吊卡車","其他交通事故",2014-07-10,1,0
"1469","桃園縣","營造業","開口部分","墜落、滾落",2014-07-10,1,0
"1470","雲林縣","營造業","營建物","物體倒塌、崩塌",2014-07-10,1,1
"1471","桃園縣","營造業","其他","感電",2014-07-10,1,0
"1472","台中市","營造業","開口部分","墜落、滾落",2014-07-10,1,0
"1473","台南市","營造業","開口部分","墜落、滾落",2014-07-14,1,0
"1474","桃園縣","製造業","營建物","被撞",2014-07-14,1,0
"1475","台中市","營造業","開口部分","墜落、滾落",2014-07-14,1,0
"1476","台南市","資訊及通訊傳播業","其他(電桿)","墜落、滾落",2014-07-14,1,0
"1477","高雄市","製造業","輸送帶","被夾、被捲",2014-07-15,1,0
"1478","台中市","營造業","施工架","墜落、滾落",2014-07-15,1,0
"1479","台中市","運輸及倉儲業","貨車","墜落、滾落",2014-07-16,1,0
"1480","高雄市","批發及零售業","電弧熔接","感電",2014-07-16,1,0
"1481","花蓮縣","電力及燃氣供應業","汽車、公共汽車","公路交通事故",2014-07-16,1,0
"1482","經加處","營造業","施工架","墜落、滾落",2014-07-17,1,0
"1483","南投縣","營造業","動力鏟類設備(怪手)","被撞",2014-07-18,1,0
"1484","高雄市","製造業","電弧熔接","感電",2014-07-18,1,0
"1485","台南市","營造業","水","溺斃",2014-07-21,1,0
"1486","桃園縣","營造業","金屬材料","跌倒",2014-07-21,1,0
"1487","台北市","營造業","施工架","墜落、滾落",2014-07-22,1,0
"1488","台中市","製造業","其他","感電",2014-07-22,1,0
"1489","台中市","營造業","屋頂、屋架、樑","墜落、滾落",2014-07-24,1,0
"1490","新北市","製造業","金屬材料","物體飛落",2014-07-26,1,0
"1491","花蓮縣","製造業","屋頂、屋架、樑(塑膠採光浪板)","墜落、滾落",2014-07-26,1,0
"1492","嘉義縣","公共行政及國防；強制性社會安全","其他","其他交通事故",2014-07-26,1,0
"1493","新北市","農林漁牧業","其他(蟹籠繩索)","其他",2014-07-27,1,0
"1494","花蓮縣","電力及燃氣供應業","其他","物體飛落",2014-07-27,1,0
"1495","台中市","製造業","屋頂(塑膠採光浪板)","墜落、滾落",2014-07-28,1,0
"1496","桃園縣","營造業","營建物(磚牆)","物體倒塌、崩塌",2014-07-29,1,0
"1497","桃園縣","製造業","營建物(空調箱)","物體飛落",2014-07-29,1,0
"1498","彰化縣","營造業","施工架","墜落、滾落",2014-07-29,1,0
"1499","台中市","製造業","輸配電線路","感電",2014-07-31,1,0
"1500","高雄市","製造業","金屬材料","物體倒塌、崩塌",2014-08-01,1,0
"1501","新北市","用水供應及污染整治業","營建物","墜落、滾落",2014-08-01,1,0
"1502","桃園縣","營造業","通路","跌倒",2014-08-02,1,0
"1503","桃園縣","營造業","施工架","墜落、滾落",2014-08-03,1,0
"1504","高雄市","營造業","梯子等","墜落、滾落",2014-08-03,1,0
"1505","台中市","運輸及倉儲業","卡車","墜落、滾落",2014-08-03,1,0
"1506","高雄市","製造業","堆高機","物體倒塌、崩塌",2014-08-04,1,0
"1507","彰化縣","製造業","屋頂(塑膠採光罩)","墜落、滾落",2014-08-05,1,0
"1508","桃園縣","用水供應及污染整治業","營建用機械(動力鏟類設備)","被撞",2014-08-05,1,0
"1509","彰化縣","營造業","施工架","墜落、滾落",2014-08-05,1,0
"1510","苗栗縣","農林漁牧業","水","溺斃",2014-08-05,1,0
"1511","苗栗縣","營造業","電弧熔接","感電",2014-08-08,1,0
"1512","彰化縣","製造業","屋頂","墜落、滾落",2014-08-08,1,0
"1513","南科","營造業","升降機","墜落、滾落",2014-08-09,1,0
"1514","新北市","營造業","高低溫環境","與高溫、低溫之接觸",2014-08-11,1,0
"1515","台中市","營造業","營建物","墜落、滾落",2014-08-12,1,0
"1516","高雄市","製造業","其他(預拌混凝土車)","被撞",2014-08-15,1,0
"1517","桃園縣","製造業","其他一般動力機械(摺床)","被夾、被捲",2014-08-15,1,0
"1518","新北市","營造業","其他","感電",2014-08-16,1,0
"1519","桃園縣","其他服務業","其他(一般動力機械)","衝撞",2014-08-16,1,0
"1520","台中市","電力及燃氣供應業","輸配電線路","感電",2014-08-19,1,0
"1521","宜蘭縣","營造業","通路","跌倒",2014-08-19,1,0
"1522","嘉義縣","營造業","屋頂、屋架、樑","墜落、滾落",2014-08-19,1,0
"1523","苗栗縣","礦業及土石採取業","水","溺斃",2014-08-22,2,0
"1524","基隆市","運輸及倉儲業","已包裝貨物","物體倒塌、崩塌",2014-08-22,1,0
"1525","彰化縣","製造業","電力設備","感電",2014-08-23,1,0
"1526","台北市","營造業","木材","物體倒塌、崩塌",2014-08-23,1,0
"1527","台中市","營造業","屋頂、屋架、樑","墜落、滾落",2014-08-23,1,0
"1528","苗栗縣","運輸及倉儲業","已包裝貨物","物體倒塌、崩塌",2014-08-27,1,0
"1529","台中市","製造業","待查","其他",2014-08-28,1,0
"1530","桃園縣","農林漁牧業","水","溺斃",2014-08-29,1,0
"1531","台中市","營造業","其他(預拌混凝土車)","墜落、滾落",2014-08-30,1,0
"1532","新北市","營造業","梯子等","墜落、滾落",2014-09-01,1,0
"1533","宜蘭縣","製造業","其他","其他",2014-09-02,1,0
"1534","高雄市","製造業","其他","被撞",2014-09-03,1,0
"1535","苗栗縣","製造業","營建物(管架)","墜落、滾落",2014-09-03,1,0
"1536","宜蘭縣","住宿及餐飲業","輸配電線路","感電",2014-09-03,1,0
"1537","雲林縣","製造業","屋頂、屋架、樑","墜落、滾落",2014-09-03,1,0
"1538","新北市","營造業","梯子等","感電",2014-09-03,1,0
"1539","台中市","製造業","固定式起重機","衝撞",2014-09-03,1,0
"1540","嘉義縣","製造業","屋頂、屋架、樑","墜落、滾落",2014-09-04,1,0
"1541","台中市","公共行政及國防；強制性社會安全","其他(垃圾車)","公路交通事故",2014-09-05,1,1
"1542","金門縣","營造業","輸配電線路","感電",2014-09-06,1,0
"1543","台中市","營造業","採光罩","墜落、滾落",2014-09-07,1,0
"1544","台南市","公共行政及國防；強制性社會安全","高低溫環境","與高溫、低溫之接觸",2014-09-10,1,0
"1545","屏東縣","營造業","火車","鐵路交通事故",2014-09-10,1,0
"1546","高雄市","營造業","屋頂、屋架、樑","墜落、滾落",2014-09-11,1,0
"1547","台中市","營造業","汽車","公路交通事故",2014-09-11,1,0
"1548","高雄市","營造業","施工架","墜落、滾落",2014-09-11,1,0
"1549","高雄市","營造業","可燃性氣體","火災",2014-09-14,1,0
"1550","桃園縣","營造業","輸配電線路","感電",2014-09-15,1,0
"1551","台中市","公共行政及國防；強制性社會安全","工作台、踏板","墜落、滾落",2014-04-25,1,0
"1552","彰化縣","製造業","待查","其他",2014-09-17,1,0
"1553","台中市","營造業","屋頂、屋架、樑","墜落、滾落",2014-09-20,1,0
"1554","高雄市","營造業","屋頂、屋架、樑","墜落、滾落",2014-09-26,1,0
"1555","桃園縣","營造業","屋頂、屋架、樑","墜落、滾落",2014-09-26,1,0
"1556","台南市","專業、科學及技術服務業","堆高機","物體倒塌、崩塌",2014-09-29,1,0
"1557","南投縣","製造業","金屬材料(高溫鐵水)","與高溫、低溫之接觸",2014-10-01,1,0
"1558","新北市","營造業","營建物","物體飛落",2014-10-01,1,0
"1559","台北市","支援服務業","施工架","物體倒塌、崩塌",2014-10-02,1,0
"1560","新北市","運輸及倉儲業","已包裝貨物","墜落、滾落",2014-10-03,1,0
"1561","新北市","營造業","汽車","公路交通事故",2014-10-04,1,0
"1562","台北市","營造業","屋頂","墜落、滾落",2014-10-06,1,0
"1563","屏東縣","營造業","施工架","墜落、滾落",2014-10-07,1,0
"1564","彰化縣","營造業","營建物","物體飛落",2014-10-07,1,0
"1565","新北市","批發及零售業","梯子等(合梯)","墜落、滾落",2014-10-08,1,0
"1566","新北市","營造業","水","溺斃",2014-10-08,1,0
"1567","高雄市","製造業","閘門傳動軸","被夾、被捲",2014-10-09,1,0
"1568","嘉義縣","製造業","屋頂、屋架、樑","墜落、滾落",2014-10-14,1,0
"1569","桃園縣","營造業","開口部分","墜落、滾落",2014-10-15,1,0
"1570","新北市","營造業","金屬材料","物體飛落",2014-10-15,1,0
"1571","桃園縣","營造業","施工架","墜落、滾落",2014-10-16,1,0
"1572","新北市","營造業","開口部分","墜落、滾落",2014-10-18,1,0
"1573","高雄市","農林漁牧業","開口部分","墜落、滾落",2014-10-18,1,0
"1574","雲林縣","營造業","屋頂、屋架、樑","墜落、滾落",2014-10-19,1,0
"1575","新北市","營造業","營建物","物體倒塌、崩塌",2014-10-20,1,0
"1576","台北市","營造業","營建物","物體倒塌、崩塌",2014-10-20,1,0
"1577","苗栗縣","營造業","工作台、踏板","墜落、滾落",2014-10-20,1,0
"1578","雲林縣","製造業","蒸汽","與高溫、低溫之接觸",2014-10-21,0,3
"1579","台中市","營造業","梯子","墜落、滾落",2014-10-21,1,0
"1580","桃園縣","製造業","農藥","其他",2014-10-22,1,0
"1581","新竹縣","營造業","梯子等","墜落、滾落",2014-10-22,1,0
"1582","桃園縣","製造業","車床","被撞",2014-10-23,1,0
"1583","台東縣","營造業","天花板","物體倒塌、崩塌",2014-10-24,1,1
"1584","高雄市","製造業","水","溺斃",2014-10-24,1,0
"1585","桃園縣","營造業","施工架","墜落、滾落",2014-10-27,1,0
"1586","新竹縣","運輸及倉儲業","卡車","墜落、滾落",2014-10-27,1,0
"1587","桃園縣","製造業","二甲苯","爆炸",2014-10-28,0,3
"1588","台南市","製造業","開口部分","墜落、滾落",2014-10-29,1,0
"1589","台中市","製造業","施工架","墜落、滾落",2014-10-30,1,0
"1590","宜蘭縣","農林漁牧業","水","墜落、滾落",2014-10-31,1,0
"1591","彰化縣","製造業","可燃性粉塵(鎂鋁合金粉末)","爆炸",2014-11-01,0,6
"1592","台北市","營造業","屋頂、屋架、樑","墜落、滾落",2014-11-04,1,0
"1593","台南市","批發及零售業","開口部分","墜落、滾落",2014-11-05,1,0
"1594","新竹縣","製造業","開口部分","墜落、滾落",2014-11-05,1,0
"1595","台北市","營造業","有害物","與有害物等之接觸",2014-11-05,1,0
"1596","台中市","電力及燃氣供應業","輸送帶","墜落、滾落",2014-11-06,1,0
"1597","台中市","營造業","移動式起重機","被撞",2014-11-06,1,0
"1598","桃園縣","營造業","開口部分","墜落、滾落",2014-11-07,1,0
"1599","高雄市","製造業","H型鋼","物體倒塌、崩塌",2014-11-07,1,0
"1600","高雄市","製造業","吊掛鉤具","物體飛落",2014-11-07,1,0
"1601","桃園縣","不動產業","升降機、提升機","被夾、被捲",2014-11-08,1,0
"1602","新竹市","營造業","施工架","物體倒塌、崩塌",2014-11-08,1,0
"1603","雲林縣","製造業","屋頂(塑膠採光浪板)","墜落、滾落",2014-11-12,1,0
"1604","台中市","營造業","通路","跌倒",2014-11-12,1,0
"1605","台南市","用水供應及污染整治業","汽車","被撞",2014-11-13,1,0
"1606","雲林縣","營造業","施工架","墜落、滾落",2014-11-13,1,0
"1607","高雄市","營造業","施工架","墜落、滾落",2014-11-15,1,0
"1608","南投縣","營造業","營建物","物體倒塌、崩塌",2014-11-15,1,0
"1609","桃園縣","製造業","水","溺斃",2014-11-17,1,0
"1610","嘉義縣","營造業","屋頂、屋架、樑","墜落、滾落",2014-11-17,1,0
"1611","台中市","營造業","開口部分","墜落、滾落",2014-11-18,1,0
"1612","金門縣","營造業","金屬材料","物體倒塌、崩塌",2014-11-19,1,0
"1613","桃園縣","運輸及倉儲業","移動式起重機","被撞",2014-11-19,1,0
"1614","桃園縣","資訊及通訊傳播業","屋頂","墜落、滾落",2014-11-20,1,0
"1615","高雄市","製造業","鋼板","物體飛落",2014-11-21,1,1
"1616","南投縣","營造業","其他","物體破裂",2014-11-23,1,0
"1617","基隆市","其他服務業","汽車","其他交通事故",2014-11-23,1,0
"1618","桃園縣","不動產業","施工架","墜落、滾落",2014-11-25,1,0
"1619","台中市","製造業","其他(高空工作車)","被夾、被捲",2014-11-27,1,0
"1620","新北市","營造業","屋頂、屋架、樑","墜落、滾落",2014-12-01,1,0
"1621","高雄市","營造業","其他(樹木)","物體倒塌、崩塌",2014-12-02,1,1
"1622","屏東縣","營造業","梯子等","墜落、滾落",2014-12-03,1,0
"1623","台中市","營造業","其他","墜落、滾落",2014-12-03,1,0
"1624","新竹縣","營造業","工作台踏板","墜落、滾落",2014-12-05,1,0
"1625","彰化縣","營造業","卡車","公路交通事故",2014-12-08,1,0
"1626","新北市","營造業","起重機","物體飛落",2014-12-08,1,0
"1627","台東縣","營造業","工作台、踏板","墜落、滾落",2014-12-09,1,0
"1628","苗栗縣","營造業","木材(枕木)","被撞",2014-12-09,1,0
"1629","新北市","製造業","升降機提升機","墜落、滾落",2014-12-10,1,0
"1630","高雄市","製造業","傳動輪","被夾、被捲",2014-12-10,1,0
"1631","台中市","製造業","其他","物體倒塌、崩塌",2014-12-11,1,0
"1632","彰化縣","製造業","梯子等(工作用階梯)","墜落、滾落",2014-12-12,1,0
"1633","台南市","營造業","施工架","墜落、滾落",2014-12-12,1,0
"1634","屏東縣","製造業","輸配電線路","感電",2014-12-12,1,0
"1635","台中市","製造業","其他(木板)","物體倒塌、崩塌",2014-12-15,1,0
"1636","雲林縣","製造業","輸送帶","被夾、被捲",2014-12-16,1,0
"1637","台南市","營造業","施工架","墜落、滾落",2014-12-22,1,0
"1638","台東縣","批發及零售業","屋頂、屋架、樑","墜落、滾落",2014-12-23,1,0
"1639","新竹縣","農林漁牧業","立木","其他",2014-12-23,0,1
"1640","苗栗縣","製造業","屋頂、屋架、樑","墜落、滾落",2014-12-23,1,0
"1641","新北市","其他服務業","其他(傳動軸)","被夾、被捲",2014-12-23,1,0
"1642","嘉義市","其他服務業","屋頂、屋架、樑","墜落、滾落",2014-12-23,1,0
"1643","宜蘭縣","製造業","工作台、踏板","墜落、滾落",2014-12-26,0,4
"1644","高雄市","營造業","屋頂、屋架、樑","墜落、滾落",2014-12-27,1,0
